2020-06-25 09:15:00+05:30,2878.05,2878.05,2853.3,2857.25,202997.0
2020-06-25 09:16:00+05:30,2856.85,2867.7,2855.0,2865.95,183864.0
2020-06-25 09:17:00+05:30,2866.7,2883.45,2863.75,2883.4,115033.0
2020-06-25 09:18:00+05:30,2883.35,2883.35,2868.15,2868.95,107528.0
2020-06-25 09:19:00+05:30,2868.95,2871.7,2863.2,2865.0,77468.0
2020-06-25 09:20:00+05:30,2865.2,2865.25,2854.65,2855.0,70883.0
2020-06-25 09:21:00+05:30,2854.6,2857.25,2851.0,2855.7,115102.0
2020-06-25 09:22:00+05:30,2855.0,2862.85,2855.0,2860.85,91543.0
2020-06-25 09:23:00+05:30,2861.0,2872.05,2861.0,2870.7,54374.0
2020-06-25 09:24:00+05:30,2870.0,2887.75,2870.0,2877.4,132934.0
2020-06-25 09:25:00+05:30,2877.2,2882.0,2872.8,2880.5,65838.0
2020-06-25 09:26:00+05:30,2882.0,2882.45,2873.4,2874.45,76003.0
2020-06-25 09:27:00+05:30,2873.05,2889.4,2873.0,2884.3,59024.0
2020-06-25 09:28:00+05:30,2885.8,2894.95,2883.85,2889.0,81195.0
2020-06-25 09:29:00+05:30,2889.75,2890.25,2879.95,2879.95,52315.0
2020-06-25 09:30:00+05:30,2876.9,2890.8,2876.0,2890.2,53889.0
2020-06-25 09:31:00+05:30,2890.85,2898.0,2885.9,2894.05,62812.0
2020-06-25 09:32:00+05:30,2894.75,2897.9,2885.6,2890.85,65954.0
2020-06-25 09:33:00+05:30,2891.75,2891.9,2886.0,2889.75,35149.0
2020-06-25 09:34:00+05:30,2889.65,2897.75,2887.0,2893.0,46145.0
2020-06-25 09:35:00+05:30,2892.15,2904.7,2891.55,2901.0,100553.0
2020-06-25 09:36:00+05:30,2901.0,2908.75,2897.75,2908.75,78403.0
2020-06-25 09:37:00+05:30,2909.0,2913.9,2907.0,2911.45,144155.0
2020-06-25 09:38:00+05:30,2912.0,2918.0,2903.3,2903.3,101399.0
2020-06-25 09:39:00+05:30,2904.45,2922.0,2904.0,2921.5,90794.0
2020-06-25 09:40:00+05:30,2920.0,2925.0,2914.0,2924.8,82325.0
2020-06-25 09:41:00+05:30,2926.3,2936.4,2922.0,2922.35,111757.0
2020-06-25 09:42:00+05:30,2922.8,2924.65,2908.55,2908.55,81748.0
2020-06-25 09:43:00+05:30,2910.6,2918.9,2908.35,2918.9,51759.0
2020-06-25 09:44:00+05:30,2918.2,2921.3,2913.85,2913.85,30589.0
2020-06-25 09:45:00+05:30,2914.15,2914.3,2899.5,2907.25,85017.0
2020-06-25 09:46:00+05:30,2907.9,2913.7,2906.0,2906.0,33508.0
2020-06-25 09:47:00+05:30,2906.0,2910.0,2905.2,2906.8,29068.0
2020-06-25 09:48:00+05:30,2906.85,2917.75,2905.0,2916.25,36762.0
2020-06-25 09:49:00+05:30,2916.3,2927.65,2916.0,2926.8,47805.0
2020-06-25 09:50:00+05:30,2928.45,2928.45,2917.0,2923.45,52947.0
2020-06-25 09:51:00+05:30,2923.9,2935.0,2921.3,2935.0,68050.0
2020-06-25 09:52:00+05:30,2932.3,2934.95,2926.35,2928.3,54415.0
2020-06-25 09:53:00+05:30,2930.0,2933.0,2922.2,2922.35,40999.0
2020-06-25 09:54:00+05:30,2922.0,2924.95,2920.0,2920.0,34416.0
2020-06-25 09:55:00+05:30,2920.7,2921.1,2911.4,2919.2,38602.0
2020-06-25 09:56:00+05:30,2919.6,2924.2,2918.35,2923.25,16452.0
2020-06-25 09:57:00+05:30,2924.0,2924.0,2914.6,2917.8,23545.0
2020-06-25 09:58:00+05:30,2919.25,2919.25,2910.2,2917.85,35438.0
2020-06-25 09:59:00+05:30,2917.4,2917.8,2910.1,2913.6,23268.0
2020-06-25 10:00:00+05:30,2913.15,2913.85,2901.0,2903.45,54993.0
2020-06-25 10:01:00+05:30,2905.0,2911.7,2902.2,2909.95,42267.0
2020-06-25 10:02:00+05:30,2909.0,2917.7,2907.4,2913.3,26686.0
2020-06-25 10:03:00+05:30,2913.1,2917.45,2910.15,2914.3,17933.0
2020-06-25 10:04:00+05:30,2914.3,2917.95,2907.0,2907.05,24006.0
2020-06-25 10:05:00+05:30,2908.1,2908.9,2904.0,2907.0,18635.0
2020-06-25 10:06:00+05:30,2906.75,2907.65,2900.6,2902.55,28745.0
2020-06-25 10:07:00+05:30,2902.65,2912.85,2902.6,2909.25,29819.0
2020-06-25 10:08:00+05:30,2909.35,2910.0,2903.0,2907.1,17813.0
2020-06-25 10:09:00+05:30,2906.1,2907.35,2901.3,2906.2,21874.0
2020-06-25 10:10:00+05:30,2906.55,2912.7,2906.55,2910.8,27712.0
2020-06-25 10:11:00+05:30,2911.5,2917.75,2910.6,2911.85,29010.0
2020-06-25 10:12:00+05:30,2912.0,2916.6,2908.35,2912.7,15151.0
2020-06-25 10:13:00+05:30,2912.95,2915.95,2911.0,2915.0,18435.0
2020-06-25 10:14:00+05:30,2913.55,2914.55,2908.2,2909.9,12846.0
2020-06-25 10:15:00+05:30,2909.9,2916.0,2909.0,2914.0,20376.0
2020-06-25 10:16:00+05:30,2915.0,2918.0,2914.0,2918.0,16829.0
2020-06-25 10:17:00+05:30,2918.0,2927.05,2916.85,2924.0,62685.0
2020-06-25 10:18:00+05:30,2923.9,2924.0,2917.05,2917.3,23921.0
2020-06-25 10:19:00+05:30,2917.3,2922.6,2913.2,2920.75,25599.0
2020-06-25 10:20:00+05:30,2922.3,2924.0,2916.65,2923.7,16151.0
2020-06-25 10:21:00+05:30,2923.4,2924.0,2920.0,2923.75,13878.0
2020-06-25 10:22:00+05:30,2922.9,2927.75,2922.7,2924.9,32497.0
2020-06-25 10:23:00+05:30,2925.7,2927.95,2923.0,2925.0,24746.0
2020-06-25 10:24:00+05:30,2925.1,2935.0,2924.9,2934.05,65555.0
2020-06-25 10:25:00+05:30,2934.0,2934.55,2928.05,2929.55,45876.0
2020-06-25 10:26:00+05:30,2930.0,2931.95,2925.75,2930.05,31556.0
2020-06-25 10:27:00+05:30,2931.65,2946.05,2930.0,2942.0,128033.0
2020-06-25 10:28:00+05:30,2943.2,2957.0,2938.7,2956.95,93707.0
2020-06-25 10:29:00+05:30,2958.95,2967.0,2951.2,2963.0,125135.0
2020-06-25 10:30:00+05:30,2963.15,2973.7,2961.9,2968.7,113279.0
2020-06-25 10:31:00+05:30,2967.35,2967.35,2952.7,2954.35,89177.0
2020-06-25 10:32:00+05:30,2954.15,2954.15,2945.8,2951.65,79606.0
2020-06-25 10:33:00+05:30,2953.95,2961.2,2952.4,2961.2,56831.0
2020-06-25 10:34:00+05:30,2961.7,2963.4,2958.2,2961.0,42781.0
2020-06-25 10:35:00+05:30,2961.0,2961.0,2955.0,2959.1,36946.0
2020-06-25 10:36:00+05:30,2959.05,2969.6,2958.65,2966.0,57305.0
2020-06-25 10:37:00+05:30,2965.55,2974.25,2963.0,2964.5,100690.0
2020-06-25 10:38:00+05:30,2964.75,2966.15,2961.65,2962.0,31659.0
2020-06-25 10:39:00+05:30,2962.05,2972.9,2961.8,2970.0,40090.0
2020-06-25 10:40:00+05:30,2969.0,2977.7,2968.15,2974.75,62309.0
2020-06-25 10:41:00+05:30,2974.0,2974.5,2964.25,2965.85,58834.0
2020-06-25 10:42:00+05:30,2966.1,2970.1,2963.1,2964.0,33019.0
2020-06-25 10:43:00+05:30,2961.05,2964.55,2954.8,2955.05,61477.0
2020-06-25 10:44:00+05:30,2956.95,2963.55,2956.15,2957.1,43112.0
2020-06-25 10:45:00+05:30,2956.9,2959.75,2951.1,2959.6,53857.0
2020-06-25 10:46:00+05:30,2959.95,2962.1,2956.4,2957.2,28502.0
2020-06-25 10:47:00+05:30,2958.85,2959.0,2952.15,2955.95,30257.0
2020-06-25 10:48:00+05:30,2955.0,2957.35,2953.0,2953.35,20190.0
2020-06-25 10:49:00+05:30,2951.25,2957.0,2951.15,2955.15,19807.0
2020-06-25 10:50:00+05:30,2956.25,2960.0,2955.0,2956.45,15139.0
2020-06-25 10:51:00+05:30,2955.0,2956.05,2950.0,2953.65,49342.0
2020-06-25 10:52:00+05:30,2954.0,2954.85,2951.2,2953.0,10915.0
2020-06-25 10:53:00+05:30,2953.5,2955.0,2950.0,2953.5,27231.0
2020-06-25 10:54:00+05:30,2954.65,2955.0,2952.0,2952.0,12521.0
2020-06-25 10:55:00+05:30,2952.0,2954.35,2951.35,2952.05,11519.0
2020-06-25 10:56:00+05:30,2952.0,2952.95,2942.1,2943.7,49824.0
2020-06-25 10:57:00+05:30,2943.85,2951.9,2943.45,2948.0,23501.0
2020-06-25 10:58:00+05:30,2947.05,2959.5,2947.05,2958.75,33216.0
2020-06-25 10:59:00+05:30,2959.9,2959.9,2955.8,2959.65,24607.0
2020-06-25 11:00:00+05:30,2959.05,2967.85,2958.4,2962.3,54315.0
2020-06-25 11:01:00+05:30,2962.5,2967.95,2961.35,2963.7,31931.0
2020-06-25 11:02:00+05:30,2962.65,2964.7,2960.2,2962.0,19199.0
2020-06-25 11:03:00+05:30,2962.0,2970.0,2961.35,2970.0,38227.0
2020-06-25 11:04:00+05:30,2968.1,2970.0,2964.4,2968.8,28639.0
2020-06-25 11:05:00+05:30,2967.55,2973.0,2967.05,2968.55,35509.0
2020-06-25 11:06:00+05:30,2968.1,2969.5,2962.75,2963.5,19870.0
2020-06-25 11:07:00+05:30,2963.85,2967.6,2960.0,2966.85,17662.0
2020-06-25 11:08:00+05:30,2966.1,2971.0,2965.0,2969.0,21804.0
2020-06-25 11:09:00+05:30,2969.45,2970.3,2963.85,2963.85,33622.0
2020-06-25 11:10:00+05:30,2964.0,2967.0,2962.0,2962.7,15033.0
2020-06-25 11:11:00+05:30,2963.0,2965.3,2960.05,2961.0,18375.0
2020-06-25 11:12:00+05:30,2961.0,2961.95,2955.1,2959.05,43130.0
2020-06-25 11:13:00+05:30,2959.5,2960.4,2957.55,2959.25,14500.0
2020-06-25 11:14:00+05:30,2959.15,2959.35,2952.2,2952.8,23538.0
2020-06-25 11:15:00+05:30,2954.0,2958.0,2952.7,2955.8,13182.0
2020-06-25 11:16:00+05:30,2956.9,2962.0,2955.25,2956.05,25136.0
2020-06-25 11:17:00+05:30,2956.05,2961.35,2956.0,2960.05,7952.0
2020-06-25 11:18:00+05:30,2960.0,2960.05,2956.0,2956.85,6906.0
2020-06-25 11:19:00+05:30,2956.0,2956.8,2943.25,2943.25,60685.0
2020-06-25 11:20:00+05:30,2944.5,2950.0,2938.65,2940.6,60977.0
2020-06-25 11:21:00+05:30,2940.6,2946.55,2940.0,2945.0,36636.0
2020-06-25 11:22:00+05:30,2944.95,2947.0,2932.65,2936.85,74307.0
2020-06-25 11:23:00+05:30,2935.45,2938.45,2926.7,2933.0,56840.0
2020-06-25 11:24:00+05:30,2931.9,2940.05,2930.95,2936.0,41865.0
2020-06-25 11:25:00+05:30,2937.2,2945.3,2936.05,2942.85,32501.0
2020-06-25 11:26:00+05:30,2943.4,2944.35,2938.4,2942.3,32237.0
2020-06-25 11:27:00+05:30,2941.15,2946.6,2941.05,2944.4,21914.0
2020-06-25 11:28:00+05:30,2943.35,2946.95,2942.05,2944.65,16331.0
2020-06-25 11:29:00+05:30,2944.6,2944.7,2937.15,2937.25,19502.0
2020-06-25 11:30:00+05:30,2936.85,2945.0,2935.25,2942.65,20793.0
2020-06-25 11:31:00+05:30,2943.1,2950.0,2943.1,2949.45,32464.0
2020-06-25 11:32:00+05:30,2948.45,2949.65,2945.15,2946.95,15691.0
2020-06-25 11:33:00+05:30,2948.0,2950.0,2946.95,2948.9,19856.0
2020-06-25 11:34:00+05:30,2949.0,2958.6,2948.55,2953.5,39379.0
2020-06-25 11:35:00+05:30,2953.85,2957.0,2950.0,2951.4,22524.0
2020-06-25 11:36:00+05:30,2951.4,2952.0,2945.3,2946.55,10828.0
2020-06-25 11:37:00+05:30,2946.6,2952.6,2945.0,2948.7,13561.0
2020-06-25 11:38:00+05:30,2947.95,2950.0,2945.05,2946.35,12504.0
2020-06-25 11:39:00+05:30,2946.35,2948.35,2944.4,2946.15,8312.0
2020-06-25 11:40:00+05:30,2945.7,2948.0,2941.25,2948.0,18652.0
2020-06-25 11:41:00+05:30,2947.15,2949.0,2943.85,2943.9,16080.0
2020-06-25 11:42:00+05:30,2944.8,2947.0,2941.35,2941.35,12105.0
2020-06-25 11:43:00+05:30,2942.05,2944.15,2941.0,2942.95,8600.0
2020-06-25 11:44:00+05:30,2942.95,2944.0,2940.55,2942.15,16872.0
2020-06-25 11:45:00+05:30,2942.0,2946.0,2939.0,2945.0,34056.0
2020-06-25 11:46:00+05:30,2944.8,2948.35,2942.0,2943.0,21334.0
2020-06-25 11:47:00+05:30,2942.1,2943.35,2936.7,2939.75,24194.0
2020-06-25 11:48:00+05:30,2941.65,2941.65,2930.35,2931.05,66426.0
2020-06-25 11:49:00+05:30,2931.6,2932.75,2924.0,2930.15,73227.0
2020-06-25 11:50:00+05:30,2929.0,2939.5,2929.0,2938.9,35886.0
2020-06-25 11:51:00+05:30,2938.0,2941.8,2936.3,2936.3,35483.0
2020-06-25 11:52:00+05:30,2937.95,2939.45,2930.0,2930.85,32918.0
2020-06-25 11:53:00+05:30,2931.4,2936.2,2930.35,2931.1,26913.0
2020-06-25 11:54:00+05:30,2931.85,2934.0,2928.0,2929.2,34273.0
2020-06-25 11:55:00+05:30,2928.95,2934.95,2928.95,2933.05,26202.0
2020-06-25 11:56:00+05:30,2931.85,2933.0,2927.0,2927.1,20292.0
2020-06-25 11:57:00+05:30,2928.65,2937.7,2927.95,2937.7,36068.0
2020-06-25 11:58:00+05:30,2936.95,2940.0,2932.45,2932.45,22779.0
2020-06-25 11:59:00+05:30,2932.45,2934.0,2928.5,2929.0,23872.0
2020-06-25 12:00:00+05:30,2929.0,2932.45,2928.0,2931.5,16441.0
2020-06-25 12:01:00+05:30,2930.7,2936.0,2930.0,2933.0,19832.0
2020-06-25 12:02:00+05:30,2933.0,2933.6,2927.1,2928.0,32119.0
2020-06-25 12:03:00+05:30,2929.2,2931.6,2924.0,2930.35,46451.0
2020-06-25 12:04:00+05:30,2929.2,2934.4,2926.25,2932.8,26787.0
2020-06-25 12:05:00+05:30,2932.8,2944.0,2929.35,2938.85,54174.0
2020-06-25 12:06:00+05:30,2940.0,2944.9,2938.4,2943.8,23518.0
2020-06-25 12:07:00+05:30,2943.0,2944.0,2940.6,2941.85,16578.0
2020-06-25 12:08:00+05:30,2941.1,2941.85,2936.15,2936.85,12886.0
2020-06-25 12:09:00+05:30,2937.0,2945.85,2937.0,2945.85,25675.0
2020-06-25 12:10:00+05:30,2946.0,2947.65,2943.0,2943.45,30677.0
2020-06-25 12:11:00+05:30,2943.0,2945.25,2941.1,2942.95,11441.0
2020-06-25 12:12:00+05:30,2942.0,2946.75,2941.25,2945.85,32318.0
2020-06-25 12:13:00+05:30,2944.75,2950.0,2944.45,2949.3,27622.0
2020-06-25 12:14:00+05:30,2949.75,2951.0,2942.8,2945.55,48548.0
2020-06-25 12:15:00+05:30,2946.65,2947.0,2936.1,2938.3,37000.0
2020-06-25 12:16:00+05:30,2937.0,2938.45,2935.0,2936.0,21266.0
2020-06-25 12:17:00+05:30,2936.0,2940.0,2935.0,2936.0,17971.0
2020-06-25 12:18:00+05:30,2936.0,2941.7,2935.5,2941.55,20868.0
2020-06-25 12:19:00+05:30,2941.5,2943.5,2936.1,2936.1,12395.0
2020-06-25 12:20:00+05:30,2936.35,2938.0,2932.65,2932.65,19102.0
2020-06-25 12:21:00+05:30,2933.7,2937.35,2933.0,2935.95,13556.0
2020-06-25 12:22:00+05:30,2936.0,2939.0,2935.8,2939.0,11753.0
2020-06-25 12:23:00+05:30,2939.0,2940.0,2937.85,2939.95,31355.0
2020-06-25 12:24:00+05:30,2940.0,2940.0,2938.05,2939.8,17415.0
2020-06-25 12:25:00+05:30,2939.8,2940.0,2932.2,2933.1,21021.0
2020-06-25 12:26:00+05:30,2933.0,2939.8,2930.55,2939.0,19332.0
2020-06-25 12:27:00+05:30,2939.05,2940.0,2936.4,2938.0,12840.0
2020-06-25 12:28:00+05:30,2937.95,2939.3,2935.0,2938.0,7772.0
2020-06-25 12:29:00+05:30,2938.3,2951.5,2938.0,2950.0,61610.0
2020-06-25 12:30:00+05:30,2949.5,2958.1,2947.9,2957.4,63814.0
2020-06-25 12:31:00+05:30,2957.25,2958.9,2953.0,2954.0,42880.0
2020-06-25 12:32:00+05:30,2951.95,2955.6,2951.0,2951.55,26945.0
2020-06-25 12:33:00+05:30,2951.55,2954.35,2944.4,2953.55,40157.0
2020-06-25 12:34:00+05:30,2955.0,2964.1,2952.1,2961.8,81938.0
2020-06-25 12:35:00+05:30,2960.15,2976.2,2960.15,2971.0,130887.0
2020-06-25 12:36:00+05:30,2972.5,2975.05,2967.5,2967.7,64571.0
2020-06-25 12:37:00+05:30,2967.3,2976.4,2965.5,2974.55,80150.0
2020-06-25 12:38:00+05:30,2974.55,2975.0,2968.0,2971.0,51699.0
2020-06-25 12:39:00+05:30,2971.15,2981.5,2969.0,2977.95,122748.0
2020-06-25 12:40:00+05:30,2978.1,2978.1,2966.7,2972.65,60506.0
2020-06-25 12:41:00+05:30,2972.65,2972.7,2963.7,2965.65,60869.0
2020-06-25 12:42:00+05:30,2966.0,2968.4,2960.85,2960.85,46636.0
2020-06-25 12:43:00+05:30,2960.0,2962.0,2951.15,2952.7,64790.0
2020-06-25 12:44:00+05:30,2952.7,2956.25,2948.0,2954.0,64599.0
2020-06-25 12:45:00+05:30,2954.7,2957.7,2948.1,2954.1,51819.0
2020-06-25 12:46:00+05:30,2953.85,2954.7,2944.05,2945.0,63264.0
2020-06-25 12:47:00+05:30,2944.9,2955.0,2942.85,2954.3,51761.0
2020-06-25 12:48:00+05:30,2953.9,2954.05,2947.0,2948.15,16002.0
2020-06-25 12:49:00+05:30,2948.1,2953.85,2947.0,2953.0,23064.0
2020-06-25 12:50:00+05:30,2953.0,2957.3,2950.75,2956.0,30533.0
2020-06-25 12:51:00+05:30,2957.4,2959.0,2950.15,2951.0,30389.0
2020-06-25 12:52:00+05:30,2950.5,2953.3,2948.0,2948.75,26720.0
2020-06-25 12:53:00+05:30,2948.75,2952.15,2943.6,2951.0,39928.0
2020-06-25 12:54:00+05:30,2951.1,2953.75,2948.3,2949.95,17836.0
2020-06-25 12:55:00+05:30,2949.0,2955.05,2945.3,2955.05,30286.0
2020-06-25 12:56:00+05:30,2952.0,2954.15,2948.2,2950.0,27522.0
2020-06-25 12:57:00+05:30,2949.95,2955.0,2949.45,2952.6,35610.0
2020-06-25 12:58:00+05:30,2952.8,2962.0,2952.05,2962.0,37088.0
2020-06-25 12:59:00+05:30,2962.0,2962.0,2952.0,2954.9,24605.0
2020-06-25 13:00:00+05:30,2953.8,2955.4,2948.2,2951.65,31925.0
2020-06-25 13:01:00+05:30,2950.9,2961.7,2950.0,2960.0,28135.0
2020-06-25 13:02:00+05:30,2960.0,2961.8,2955.05,2958.05,34402.0
2020-06-25 13:03:00+05:30,2955.5,2959.6,2953.0,2957.0,46246.0
2020-06-25 13:04:00+05:30,2956.05,2957.0,2950.0,2952.95,23480.0
2020-06-25 13:05:00+05:30,2952.95,2954.9,2951.0,2954.9,6478.0
2020-06-25 13:06:00+05:30,2954.25,2957.9,2952.0,2952.05,15910.0
2020-06-25 13:07:00+05:30,2953.0,2953.0,2949.05,2949.45,37588.0
2020-06-25 13:08:00+05:30,2950.15,2955.8,2950.0,2952.65,15038.0
2020-06-25 13:09:00+05:30,2954.0,2955.0,2951.0,2953.75,12087.0
2020-06-25 13:10:00+05:30,2955.55,2960.0,2954.45,2959.15,31083.0
2020-06-25 13:11:00+05:30,2957.85,2959.5,2955.8,2958.15,12074.0
2020-06-25 13:12:00+05:30,2958.7,2964.95,2958.7,2959.0,34960.0
2020-06-25 13:13:00+05:30,2958.1,2963.0,2958.1,2960.0,16820.0
2020-06-25 13:14:00+05:30,2960.0,2961.45,2956.9,2959.65,10560.0
2020-06-25 13:15:00+05:30,2961.0,2967.0,2961.0,2964.65,27730.0
2020-06-25 13:16:00+05:30,2964.65,2966.0,2960.95,2963.35,13383.0
2020-06-25 13:17:00+05:30,2964.0,2964.95,2960.0,2960.25,12220.0
2020-06-25 13:18:00+05:30,2960.0,2964.6,2960.0,2961.9,15207.0
2020-06-25 13:19:00+05:30,2962.45,2964.1,2960.05,2962.0,10644.0
2020-06-25 13:20:00+05:30,2962.0,2965.35,2960.7,2960.9,15138.0
2020-06-25 13:21:00+05:30,2960.8,2960.8,2952.0,2952.0,39935.0
2020-06-25 13:22:00+05:30,2952.9,2958.0,2952.0,2956.0,14044.0
2020-06-25 13:23:00+05:30,2956.0,2957.0,2952.35,2956.6,15292.0
2020-06-25 13:24:00+05:30,2956.5,2957.0,2952.0,2955.9,13355.0
2020-06-25 13:25:00+05:30,2955.05,2960.0,2955.05,2956.85,15048.0
2020-06-25 13:26:00+05:30,2958.0,2960.0,2957.95,2959.65,6488.0
2020-06-25 13:27:00+05:30,2959.2,2963.0,2959.2,2960.0,15189.0
2020-06-25 13:28:00+05:30,2960.3,2963.8,2959.25,2961.05,13823.0
2020-06-25 13:29:00+05:30,2961.35,2964.0,2959.75,2961.0,13508.0
2020-06-25 13:30:00+05:30,2962.3,2964.0,2960.75,2962.5,10854.0
2020-06-25 13:31:00+05:30,2962.0,2964.0,2961.1,2963.0,11630.0
2020-06-25 13:32:00+05:30,2963.0,2967.8,2963.0,2965.0,26122.0
2020-06-25 13:33:00+05:30,2966.0,2975.0,2965.0,2975.0,56240.0
2020-06-25 13:34:00+05:30,2975.0,2975.0,2967.1,2968.0,47270.0
2020-06-25 13:35:00+05:30,2968.1,2971.7,2967.0,2970.45,25431.0
2020-06-25 13:36:00+05:30,2970.3,2975.0,2970.25,2973.05,37775.0
2020-06-25 13:37:00+05:30,2972.9,2985.75,2972.3,2982.8,89210.0
2020-06-25 13:38:00+05:30,2982.85,2984.7,2977.7,2978.3,63704.0
2020-06-25 13:39:00+05:30,2978.65,2988.75,2978.3,2986.65,67983.0
2020-06-25 13:40:00+05:30,2987.25,2992.05,2985.25,2990.0,81621.0
2020-06-25 13:41:00+05:30,2988.8,2990.0,2984.1,2988.0,46656.0
2020-06-25 13:42:00+05:30,2988.85,2994.0,2988.0,2990.2,56388.0
2020-06-25 13:43:00+05:30,2991.05,2999.0,2990.0,2998.15,94538.0
2020-06-25 13:44:00+05:30,2998.7,3018.1,2998.0,3010.45,226978.0
2020-06-25 13:45:00+05:30,3009.5,3024.6,3007.85,3014.25,135147.0
2020-06-25 13:46:00+05:30,3013.7,3024.5,3013.15,3020.0,70888.0
2020-06-25 13:47:00+05:30,3020.15,3021.25,3009.0,3015.05,89390.0
2020-06-25 13:48:00+05:30,3015.9,3024.25,3015.9,3021.8,78047.0
2020-06-25 13:49:00+05:30,3020.65,3022.0,3015.55,3019.7,58514.0
2020-06-25 13:50:00+05:30,3020.95,3031.85,3019.7,3030.15,94236.0
2020-06-25 13:51:00+05:30,3031.7,3038.2,3030.2,3034.15,113625.0
2020-06-25 13:52:00+05:30,3033.3,3045.45,3032.0,3042.35,116334.0
2020-06-25 13:53:00+05:30,3042.0,3042.3,3025.65,3031.0,92831.0
2020-06-25 13:54:00+05:30,3029.2,3032.0,3021.0,3022.0,79234.0
2020-06-25 13:55:00+05:30,3021.3,3022.7,3007.75,3011.05,116132.0
2020-06-25 13:56:00+05:30,3012.0,3018.0,3002.3,3012.75,95835.0
2020-06-25 13:57:00+05:30,3012.95,3014.5,3008.0,3010.8,48551.0
2020-06-25 13:58:00+05:30,3011.0,3011.0,2995.35,2996.8,115690.0
2020-06-25 13:59:00+05:30,2996.25,3016.0,2995.65,3011.5,80384.0
2020-06-25 14:00:00+05:30,3013.15,3021.3,3011.5,3015.6,65464.0
2020-06-25 14:01:00+05:30,3016.3,3019.9,3010.35,3016.3,25073.0
2020-06-25 14:02:00+05:30,3015.6,3018.0,3001.6,3004.0,39351.0
2020-06-25 14:03:00+05:30,3003.75,3015.9,3003.75,3009.75,37009.0
2020-06-25 14:04:00+05:30,3010.0,3016.7,3009.1,3015.0,30725.0
2020-06-25 14:05:00+05:30,3014.4,3018.0,3012.05,3015.2,26077.0
2020-06-25 14:06:00+05:30,3015.8,3017.0,3006.5,3006.9,31134.0
2020-06-25 14:07:00+05:30,3005.95,3014.45,3005.6,3012.85,20835.0
2020-06-25 14:08:00+05:30,3012.7,3013.25,3009.0,3009.0,15988.0
2020-06-25 14:09:00+05:30,3009.55,3016.3,3008.0,3016.1,31017.0
2020-06-25 14:10:00+05:30,3016.1,3017.75,3012.2,3014.0,16463.0
2020-06-25 14:11:00+05:30,3014.5,3014.8,3011.2,3012.05,14506.0
2020-06-25 14:12:00+05:30,3012.0,3018.0,3010.4,3017.1,32387.0
2020-06-25 14:13:00+05:30,3017.85,3030.0,3017.4,3025.2,88859.0
2020-06-25 14:14:00+05:30,3027.0,3033.7,3025.8,3028.4,72899.0
2020-06-25 14:15:00+05:30,3028.75,3033.0,3027.0,3030.2,38447.0
2020-06-25 14:16:00+05:30,3031.0,3032.0,3028.0,3030.7,38574.0
2020-06-25 14:17:00+05:30,3030.0,3031.0,3024.5,3025.95,40068.0
2020-06-25 14:18:00+05:30,3025.05,3025.05,3016.4,3018.0,50900.0
2020-06-25 14:19:00+05:30,3016.5,3028.1,3016.5,3024.7,38142.0
2020-06-25 14:20:00+05:30,3024.25,3028.0,3023.2,3025.85,17547.0
2020-06-25 14:21:00+05:30,3027.3,3030.0,3023.7,3029.3,31417.0
2020-06-25 14:22:00+05:30,3029.3,3030.05,3025.05,3029.6,28385.0
2020-06-25 14:23:00+05:30,3029.2,3031.0,3028.0,3028.95,27580.0
2020-06-25 14:24:00+05:30,3028.95,3034.95,3028.0,3034.45,50205.0
2020-06-25 14:25:00+05:30,3034.1,3038.8,3033.05,3034.4,65178.0
2020-06-25 14:26:00+05:30,3032.9,3034.35,3029.2,3031.15,28994.0
2020-06-25 14:27:00+05:30,3032.55,3032.55,3024.3,3028.1,33828.0
2020-06-25 14:28:00+05:30,3028.0,3031.0,3026.8,3031.0,19744.0
2020-06-25 14:29:00+05:30,3030.05,3032.55,3028.0,3028.1,20333.0
2020-06-25 14:30:00+05:30,3028.1,3032.0,3025.35,3025.35,24037.0
2020-06-25 14:31:00+05:30,3025.3,3027.05,3017.5,3021.0,61944.0
2020-06-25 14:32:00+05:30,3021.0,3021.0,3011.5,3017.05,61159.0
2020-06-25 14:33:00+05:30,3015.85,3025.0,3015.85,3023.95,32619.0
2020-06-25 14:34:00+05:30,3024.0,3025.35,3021.0,3023.4,26556.0
2020-06-25 14:35:00+05:30,3024.15,3027.0,3024.0,3024.95,15998.0
2020-06-25 14:36:00+05:30,3024.85,3025.45,3016.15,3020.5,28317.0
2020-06-25 14:37:00+05:30,3021.0,3022.35,3019.0,3019.4,20494.0
2020-06-25 14:38:00+05:30,3021.0,3025.2,3019.35,3023.4,18866.0
2020-06-25 14:39:00+05:30,3023.5,3029.0,3023.35,3028.05,22794.0
2020-06-25 14:40:00+05:30,3028.8,3032.5,3026.05,3029.15,56233.0
2020-06-25 14:41:00+05:30,3029.75,3030.85,3023.3,3025.95,25099.0
2020-06-25 14:42:00+05:30,3024.95,3026.65,3021.65,3023.3,16305.0
2020-06-25 14:43:00+05:30,3024.35,3025.5,3021.65,3025.0,18708.0
2020-06-25 14:44:00+05:30,3023.35,3024.25,3021.55,3022.05,13828.0
2020-06-25 14:45:00+05:30,3022.05,3022.05,3014.05,3015.5,59887.0
2020-06-25 14:46:00+05:30,3015.5,3015.6,3002.0,3004.3,78846.0
2020-06-25 14:47:00+05:30,3006.6,3017.95,3005.1,3015.0,60187.0
2020-06-25 14:48:00+05:30,3016.0,3016.9,3006.0,3006.7,35676.0
2020-06-25 14:49:00+05:30,3006.0,3012.8,3003.4,3003.45,42725.0
2020-06-25 14:50:00+05:30,3003.75,3008.5,2996.8,2996.8,86928.0
2020-06-25 14:51:00+05:30,2996.4,3005.0,2992.6,3000.15,85742.0
2020-06-25 14:52:00+05:30,3002.6,3014.0,3000.6,3011.8,45754.0
2020-06-25 14:53:00+05:30,3012.0,3012.0,3005.5,3007.0,20727.0
2020-06-25 14:54:00+05:30,3008.0,3010.5,3003.35,3006.0,20561.0
2020-06-25 14:55:00+05:30,3005.05,3009.8,3005.05,3009.35,16723.0
2020-06-25 14:56:00+05:30,3009.8,3020.0,3009.0,3017.8,55833.0
2020-06-25 14:57:00+05:30,3018.05,3020.95,3015.1,3015.25,40321.0
2020-06-25 14:58:00+05:30,3015.75,3015.75,3010.25,3011.3,25449.0
2020-06-25 14:59:00+05:30,3010.8,3017.0,3010.2,3015.0,23171.0
2020-06-25 15:00:00+05:30,3015.2,3019.6,3008.0,3008.0,33096.0
2020-06-25 15:01:00+05:30,3008.65,3012.55,3006.0,3010.8,28011.0
2020-06-25 15:02:00+05:30,3011.5,3011.5,3005.0,3005.0,30491.0
2020-06-25 15:03:00+05:30,3007.0,3017.75,3006.35,3016.45,33717.0
2020-06-25 15:04:00+05:30,3018.4,3019.0,3012.85,3016.85,33379.0
2020-06-25 15:05:00+05:30,3018.0,3018.95,3011.45,3012.7,21332.0
2020-06-25 15:06:00+05:30,3011.45,3018.0,3011.05,3015.0,20331.0
2020-06-25 15:07:00+05:30,3015.0,3015.55,3011.0,3012.0,21157.0
2020-06-25 15:08:00+05:30,3012.05,3013.45,3010.0,3010.0,30518.0
2020-06-25 15:09:00+05:30,3011.0,3011.0,3007.1,3009.0,38391.0
2020-06-25 15:10:00+05:30,3008.5,3019.0,3008.5,3012.9,124233.0
2020-06-25 15:11:00+05:30,3017.9,3017.9,3008.8,3008.8,40643.0
2020-06-25 15:12:00+05:30,3009.2,3010.8,3004.0,3004.0,37153.0
2020-06-25 15:13:00+05:30,3003.55,3009.7,3002.0,3009.0,38402.0
2020-06-25 15:14:00+05:30,3008.35,3009.8,3004.3,3006.3,26299.0
2020-06-25 15:15:00+05:30,3005.25,3008.95,3005.1,3007.0,38010.0
2020-06-25 15:16:00+05:30,3008.5,3012.85,3006.0,3006.0,91905.0
2020-06-25 15:17:00+05:30,3006.65,3009.55,3004.65,3007.4,40221.0
2020-06-25 15:18:00+05:30,3007.0,3007.85,3002.2,3004.95,36038.0
2020-06-25 15:19:00+05:30,3005.85,3005.9,3000.0,3000.55,52829.0
2020-06-25 15:20:00+05:30,3001.0,3005.5,2997.45,3001.5,53720.0
2020-06-25 15:21:00+05:30,3002.25,3009.9,2990.0,2996.95,116195.0
2020-06-25 15:22:00+05:30,2998.9,3001.9,2996.0,2999.95,26441.0
2020-06-25 15:23:00+05:30,3000.2,3000.25,2996.05,2998.1,20203.0
2020-06-25 15:24:00+05:30,2999.05,3000.0,2993.15,2993.45,19550.0
2020-06-25 15:25:00+05:30,2993.45,2993.95,2990.65,2992.3,15374.0
2020-06-25 15:26:00+05:30,2992.65,2993.3,2987.0,2987.8,29961.0
2020-06-25 15:27:00+05:30,2987.8,2988.15,2983.05,2985.0,36884.0
2020-06-25 15:28:00+05:30,2984.0,2985.0,2982.2,2984.7,22427.0
2020-06-25 15:29:00+05:30,2984.7,2992.0,2983.65,2990.0,20382.0
2020-06-26 09:15:00+05:30,3042.5,3058.75,3030.0,3055.75,162599.0
2020-06-26 09:16:00+05:30,3056.1,3056.8,3032.95,3040.0,117515.0
2020-06-26 09:17:00+05:30,3039.15,3044.0,3035.7,3037.2,74002.0
2020-06-26 09:18:00+05:30,3038.0,3038.0,3024.15,3030.0,83144.0
2020-06-26 09:19:00+05:30,3029.65,3040.0,3029.25,3040.0,67236.0
2020-06-26 09:20:00+05:30,3042.5,3045.7,3038.55,3038.55,62387.0
2020-06-26 09:21:00+05:30,3038.65,3043.65,3036.4,3039.0,34918.0
2020-06-26 09:22:00+05:30,3040.15,3041.05,3018.2,3023.6,72422.0
2020-06-26 09:23:00+05:30,3023.75,3029.15,3021.15,3023.85,45123.0
2020-06-26 09:24:00+05:30,3023.0,3024.0,3015.0,3017.5,54978.0
2020-06-26 09:25:00+05:30,3015.85,3023.7,3012.35,3022.15,61879.0
2020-06-26 09:26:00+05:30,3022.6,3023.7,3013.45,3015.1,46369.0
2020-06-26 09:27:00+05:30,3014.5,3016.3,3009.3,3013.9,52380.0
2020-06-26 09:28:00+05:30,3012.4,3024.0,3012.4,3024.0,42734.0
2020-06-26 09:29:00+05:30,3023.0,3027.0,3018.75,3027.0,57573.0
2020-06-26 09:30:00+05:30,3026.5,3031.85,3026.35,3030.45,67825.0
2020-06-26 09:31:00+05:30,3029.8,3030.95,3018.0,3021.4,51391.0
2020-06-26 09:32:00+05:30,3023.0,3023.75,3018.95,3023.75,26561.0
2020-06-26 09:33:00+05:30,3023.7,3023.7,3016.9,3017.15,28966.0
2020-06-26 09:34:00+05:30,3018.15,3019.0,3012.4,3017.05,50529.0
2020-06-26 09:35:00+05:30,3016.75,3016.75,3005.75,3006.1,58719.0
2020-06-26 09:36:00+05:30,3006.45,3007.35,2996.1,2998.9,93274.0
2020-06-26 09:37:00+05:30,2999.1,3012.55,2998.45,3006.9,65825.0
2020-06-26 09:38:00+05:30,3005.95,3006.9,3000.0,3000.0,28595.0
2020-06-26 09:39:00+05:30,3000.2,3004.0,2994.75,2994.75,59618.0
2020-06-26 09:40:00+05:30,2992.1,3002.05,2991.4,3000.0,49483.0
2020-06-26 09:41:00+05:30,2996.0,2998.05,2991.0,2991.0,36516.0
2020-06-26 09:42:00+05:30,2990.1,2999.0,2987.7,2999.0,69253.0
2020-06-26 09:43:00+05:30,3000.0,3010.15,2999.55,3004.55,63530.0
2020-06-26 09:44:00+05:30,3003.25,3008.0,3002.05,3004.95,27463.0
2020-06-26 09:45:00+05:30,3006.0,3006.0,2995.0,2998.85,35566.0
2020-06-26 09:46:00+05:30,2997.7,3000.8,2994.0,2994.85,29060.0
2020-06-26 09:47:00+05:30,2994.0,2998.0,2992.2,2994.35,24101.0
2020-06-26 09:48:00+05:30,2993.3,2997.0,2993.3,2995.35,19138.0
2020-06-26 09:49:00+05:30,2994.8,2999.85,2993.0,2995.0,24760.0
2020-06-26 09:50:00+05:30,2994.65,2999.2,2992.9,2996.1,24456.0
2020-06-26 09:51:00+05:30,2997.9,2997.9,2990.7,2992.0,29498.0
2020-06-26 09:52:00+05:30,2991.65,2999.35,2991.0,2999.35,24234.0
2020-06-26 09:53:00+05:30,2999.15,3002.55,2995.35,3000.9,37292.0
2020-06-26 09:54:00+05:30,3001.25,3004.7,2999.7,3004.0,25890.0
2020-06-26 09:55:00+05:30,3004.0,3008.8,3003.8,3008.0,44169.0
2020-06-26 09:56:00+05:30,3007.95,3008.0,2997.65,3000.0,22940.0
2020-06-26 09:57:00+05:30,2999.5,3001.2,2992.85,2994.5,23026.0
2020-06-26 09:58:00+05:30,2994.45,3002.3,2994.45,2997.5,19388.0
2020-06-26 09:59:00+05:30,2996.2,2998.0,2993.0,2993.0,22402.0
2020-06-26 10:00:00+05:30,2993.45,2996.0,2992.0,2994.0,30979.0
2020-06-26 10:01:00+05:30,2994.95,2996.15,2992.0,2995.35,19885.0
2020-06-26 10:02:00+05:30,2995.35,2999.45,2994.2,2995.5,21120.0
2020-06-26 10:03:00+05:30,2996.85,2997.0,2991.0,2995.15,20719.0
2020-06-26 10:04:00+05:30,2995.95,2997.0,2992.85,2996.15,14782.0
2020-06-26 10:05:00+05:30,2995.0,3001.45,2995.0,2998.7,25007.0
2020-06-26 10:06:00+05:30,2998.0,3003.0,2996.1,3003.0,25536.0
2020-06-26 10:07:00+05:30,3004.0,3004.85,2999.15,3002.0,16929.0
2020-06-26 10:08:00+05:30,3000.9,3002.55,2996.95,2996.95,19298.0
2020-06-26 10:09:00+05:30,2996.75,3000.0,2996.6,2999.4,11261.0
2020-06-26 10:10:00+05:30,2999.9,3001.25,2995.05,2995.05,17373.0
2020-06-26 10:11:00+05:30,2993.5,2998.8,2992.0,2993.3,24526.0
2020-06-26 10:12:00+05:30,2992.5,2993.35,2989.65,2992.2,70411.0
2020-06-26 10:13:00+05:30,2992.55,2995.9,2988.0,2988.0,35151.0
2020-06-26 10:14:00+05:30,2984.35,2987.65,2983.05,2986.8,76273.0
2020-06-26 10:15:00+05:30,2986.1,2986.8,2980.0,2980.2,59820.0
2020-06-26 10:16:00+05:30,2980.0,2982.75,2978.0,2979.0,56283.0
2020-06-26 10:17:00+05:30,2979.45,2979.5,2972.45,2975.9,81036.0
2020-06-26 10:18:00+05:30,2974.65,2974.65,2962.5,2963.0,104587.0
2020-06-26 10:19:00+05:30,2964.95,2973.9,2964.05,2973.6,63345.0
2020-06-26 10:20:00+05:30,2973.6,2973.7,2962.15,2968.65,60889.0
2020-06-26 10:21:00+05:30,2968.85,2969.7,2956.8,2958.9,83005.0
2020-06-26 10:22:00+05:30,2958.6,2970.0,2956.95,2970.0,57658.0
2020-06-26 10:23:00+05:30,2970.75,2977.65,2970.0,2972.45,60137.0
2020-06-26 10:24:00+05:30,2973.05,2973.05,2967.05,2971.0,33190.0
2020-06-26 10:25:00+05:30,2971.6,2977.9,2971.05,2972.0,42639.0
2020-06-26 10:26:00+05:30,2972.0,2972.0,2963.05,2965.15,40150.0
2020-06-26 10:27:00+05:30,2965.3,2971.35,2963.05,2965.65,48984.0
2020-06-26 10:28:00+05:30,2965.0,2969.9,2963.05,2968.0,15175.0
2020-06-26 10:29:00+05:30,2968.45,2969.0,2963.55,2967.85,25782.0
2020-06-26 10:30:00+05:30,2967.9,2974.2,2966.4,2972.75,32406.0
2020-06-26 10:31:00+05:30,2973.3,2979.0,2972.25,2977.95,40819.0
2020-06-26 10:32:00+05:30,2977.0,2978.4,2972.75,2977.0,18609.0
2020-06-26 10:33:00+05:30,2976.0,2977.6,2971.85,2977.0,13121.0
2020-06-26 10:34:00+05:30,2976.85,2978.4,2972.45,2976.35,20295.0
2020-06-26 10:35:00+05:30,2976.95,2976.95,2968.25,2972.0,19949.0
2020-06-26 10:36:00+05:30,2972.9,2972.9,2967.2,2969.5,18871.0
2020-06-26 10:37:00+05:30,2968.75,2971.0,2968.15,2969.05,15527.0
2020-06-26 10:38:00+05:30,2969.55,2969.95,2966.0,2968.85,14399.0
2020-06-26 10:39:00+05:30,2969.55,2969.55,2964.0,2965.0,16969.0
2020-06-26 10:40:00+05:30,2965.0,2968.45,2965.0,2968.4,11879.0
2020-06-26 10:41:00+05:30,2968.0,2973.8,2968.0,2970.45,35028.0
2020-06-26 10:42:00+05:30,2970.1,2972.0,2970.0,2971.5,5281.0
2020-06-26 10:43:00+05:30,2970.65,2971.4,2965.0,2965.5,20266.0
2020-06-26 10:44:00+05:30,2964.0,2968.65,2964.0,2966.0,12910.0
2020-06-26 10:45:00+05:30,2965.5,2966.0,2962.0,2963.8,23438.0
2020-06-26 10:46:00+05:30,2964.0,2964.0,2952.95,2954.35,82233.0
2020-06-26 10:47:00+05:30,2954.35,2959.6,2952.3,2957.0,35046.0
2020-06-26 10:48:00+05:30,2957.45,2958.6,2954.8,2955.9,26265.0
2020-06-26 10:49:00+05:30,2955.75,2960.0,2953.0,2959.35,34883.0
2020-06-26 10:50:00+05:30,2959.6,2963.2,2951.05,2952.45,51324.0
2020-06-26 10:51:00+05:30,2952.4,2957.6,2949.05,2956.45,81131.0
2020-06-26 10:52:00+05:30,2956.35,2959.2,2955.5,2957.55,20429.0
2020-06-26 10:53:00+05:30,2958.15,2959.6,2952.35,2956.85,18673.0
2020-06-26 10:54:00+05:30,2956.0,2959.9,2953.6,2959.9,17471.0
2020-06-26 10:55:00+05:30,2960.0,2965.95,2957.4,2960.0,38212.0
2020-06-26 10:56:00+05:30,2961.05,2965.0,2960.1,2963.95,22264.0
2020-06-26 10:57:00+05:30,2963.0,2964.95,2957.2,2957.55,18281.0
2020-06-26 10:58:00+05:30,2957.95,2958.85,2955.35,2956.0,12653.0
2020-06-26 10:59:00+05:30,2956.35,2963.8,2955.05,2961.9,17079.0
2020-06-26 11:00:00+05:30,2961.85,2970.0,2961.85,2968.0,39777.0
2020-06-26 11:01:00+05:30,2966.8,2970.0,2966.1,2969.15,39195.0
2020-06-26 11:02:00+05:30,2969.65,2970.0,2966.7,2970.0,17873.0
2020-06-26 11:03:00+05:30,2970.0,2972.95,2969.0,2969.9,34538.0
2020-06-26 11:04:00+05:30,2968.5,2968.65,2966.0,2966.6,18161.0
2020-06-26 11:05:00+05:30,2966.55,2972.9,2965.5,2968.35,15477.0
2020-06-26 11:06:00+05:30,2968.35,2969.9,2962.8,2963.05,18841.0
2020-06-26 11:07:00+05:30,2964.3,2964.3,2957.9,2959.25,25968.0
2020-06-26 11:08:00+05:30,2959.25,2961.6,2956.0,2957.1,20279.0
2020-06-26 11:09:00+05:30,2957.1,2965.0,2957.1,2960.1,13871.0
2020-06-26 11:10:00+05:30,2961.45,2961.65,2958.35,2960.55,9878.0
2020-06-26 11:11:00+05:30,2960.55,2964.85,2960.05,2963.0,10726.0
2020-06-26 11:12:00+05:30,2963.0,2968.0,2963.0,2967.0,16004.0
2020-06-26 11:13:00+05:30,2968.0,2969.0,2962.65,2965.15,11873.0
2020-06-26 11:14:00+05:30,2964.8,2968.0,2964.8,2966.0,4867.0
2020-06-26 11:15:00+05:30,2966.9,2976.7,2965.9,2973.8,50128.0
2020-06-26 11:16:00+05:30,2972.85,2974.0,2969.2,2972.0,18942.0
2020-06-26 11:17:00+05:30,2972.0,2976.0,2971.2,2975.0,35326.0
2020-06-26 11:18:00+05:30,2975.4,2976.45,2972.05,2972.8,19017.0
2020-06-26 11:19:00+05:30,2972.75,2973.0,2968.45,2970.35,15947.0
2020-06-26 11:20:00+05:30,2971.05,2975.8,2970.05,2975.8,13960.0
2020-06-26 11:21:00+05:30,2975.95,2983.0,2975.1,2981.5,43088.0
2020-06-26 11:22:00+05:30,2981.0,2982.65,2972.25,2973.65,29485.0
2020-06-26 11:23:00+05:30,2974.0,2975.65,2972.0,2973.25,13872.0
2020-06-26 11:24:00+05:30,2972.8,2972.8,2966.1,2969.95,29105.0
2020-06-26 11:25:00+05:30,2970.0,2970.0,2962.5,2966.0,33588.0
2020-06-26 11:26:00+05:30,2965.25,2966.7,2962.6,2966.7,15057.0
2020-06-26 11:27:00+05:30,2966.7,2970.0,2964.1,2968.0,11120.0
2020-06-26 11:28:00+05:30,2967.65,2968.5,2965.0,2965.0,7993.0
2020-06-26 11:29:00+05:30,2966.25,2969.6,2965.0,2968.3,7985.0
2020-06-26 11:30:00+05:30,2968.3,2969.4,2963.5,2964.4,13537.0
2020-06-26 11:31:00+05:30,2964.4,2966.95,2964.0,2965.55,5805.0
2020-06-26 11:32:00+05:30,2965.55,2966.55,2963.05,2964.3,7761.0
2020-06-26 11:33:00+05:30,2964.95,2964.95,2960.0,2962.2,34351.0
2020-06-26 11:34:00+05:30,2963.6,2967.7,2961.45,2967.7,8152.0
2020-06-26 11:35:00+05:30,2966.7,2969.95,2965.05,2968.9,7750.0
2020-06-26 11:36:00+05:30,2968.9,2974.75,2967.5,2971.6,18029.0
2020-06-26 11:37:00+05:30,2971.8,2972.95,2969.0,2969.8,6603.0
2020-06-26 11:38:00+05:30,2969.8,2970.8,2965.0,2967.0,8724.0
2020-06-26 11:39:00+05:30,2967.6,2967.9,2965.0,2966.55,6955.0
2020-06-26 11:40:00+05:30,2965.05,2968.7,2962.0,2963.9,10196.0
2020-06-26 11:41:00+05:30,2964.1,2965.0,2961.1,2961.8,12350.0
2020-06-26 11:42:00+05:30,2962.9,2967.15,2961.85,2965.8,7244.0
2020-06-26 11:43:00+05:30,2965.6,2970.0,2965.15,2967.4,8015.0
2020-06-26 11:44:00+05:30,2967.4,2969.0,2966.1,2966.95,3743.0
2020-06-26 11:45:00+05:30,2966.0,2968.0,2964.0,2966.95,4839.0
2020-06-26 11:46:00+05:30,2966.6,2967.85,2965.0,2967.85,3255.0
2020-06-26 11:47:00+05:30,2967.85,2971.45,2966.7,2968.65,14019.0
2020-06-26 11:48:00+05:30,2969.9,2972.95,2969.0,2971.15,8905.0
2020-06-26 11:49:00+05:30,2970.1,2972.0,2968.7,2970.95,5236.0
2020-06-26 11:50:00+05:30,2971.0,2973.85,2969.75,2972.1,10054.0
2020-06-26 11:51:00+05:30,2972.15,2973.0,2968.0,2971.0,7491.0
2020-06-26 11:52:00+05:30,2970.0,2971.0,2965.5,2966.9,5428.0
2020-06-26 11:53:00+05:30,2965.7,2966.5,2964.3,2964.65,7328.0
2020-06-26 11:54:00+05:30,2964.7,2967.0,2964.3,2966.95,5856.0
2020-06-26 11:55:00+05:30,2966.4,2968.4,2962.0,2964.2,22398.0
2020-06-26 11:56:00+05:30,2963.15,2967.95,2962.05,2967.45,11423.0
2020-06-26 11:57:00+05:30,2966.5,2972.0,2966.45,2969.25,16249.0
2020-06-26 11:58:00+05:30,2968.9,2971.0,2968.4,2969.5,4561.0
2020-06-26 11:59:00+05:30,2968.45,2969.5,2968.05,2968.25,3478.0
2020-06-26 12:00:00+05:30,2970.95,2973.0,2968.65,2972.0,17531.0
2020-06-26 12:01:00+05:30,2971.15,2976.05,2970.9,2974.0,28139.0
2020-06-26 12:02:00+05:30,2974.0,2978.4,2974.0,2976.3,22638.0
2020-06-26 12:03:00+05:30,2976.25,2978.0,2973.0,2974.15,17896.0
2020-06-26 12:04:00+05:30,2975.0,2977.0,2973.0,2976.1,9474.0
2020-06-26 12:05:00+05:30,2976.2,2978.0,2976.15,2977.5,7206.0
2020-06-26 12:06:00+05:30,2977.55,2977.55,2972.0,2973.85,13818.0
2020-06-26 12:07:00+05:30,2974.1,2977.0,2974.1,2977.0,5338.0
2020-06-26 12:08:00+05:30,2977.1,2983.75,2976.5,2977.8,40930.0
2020-06-26 12:09:00+05:30,2978.1,2979.95,2972.25,2974.0,15131.0
2020-06-26 12:10:00+05:30,2975.0,2978.95,2974.0,2975.4,9984.0
2020-06-26 12:11:00+05:30,2976.0,2976.95,2974.5,2975.3,8145.0
2020-06-26 12:12:00+05:30,2976.0,2977.7,2975.0,2976.35,7862.0
2020-06-26 12:13:00+05:30,2977.3,2977.35,2975.1,2975.45,7420.0
2020-06-26 12:14:00+05:30,2976.25,2981.0,2975.4,2980.5,8980.0
2020-06-26 12:15:00+05:30,2978.0,2981.95,2977.0,2980.55,16785.0
2020-06-26 12:16:00+05:30,2981.5,2982.4,2977.8,2978.9,24129.0
2020-06-26 12:17:00+05:30,2978.9,2979.95,2976.75,2978.4,8980.0
2020-06-26 12:18:00+05:30,2978.55,2981.9,2977.35,2979.6,10135.0
2020-06-26 12:19:00+05:30,2980.9,2981.0,2979.0,2980.0,5242.0
2020-06-26 12:20:00+05:30,2980.0,2995.0,2980.0,2994.35,93331.0
2020-06-26 12:21:00+05:30,2995.65,2997.05,2991.8,2994.5,47145.0
2020-06-26 12:22:00+05:30,2993.1,2999.0,2990.0,2999.0,45285.0
2020-06-26 12:23:00+05:30,2999.4,2999.75,2991.1,2993.2,48428.0
2020-06-26 12:24:00+05:30,2992.0,2993.5,2990.0,2990.75,20936.0
2020-06-26 12:25:00+05:30,2991.35,2992.0,2985.0,2985.2,42803.0
2020-06-26 12:26:00+05:30,2986.2,2986.2,2978.0,2978.0,41836.0
2020-06-26 12:27:00+05:30,2978.0,2986.3,2977.0,2985.3,30516.0
2020-06-26 12:28:00+05:30,2985.75,2986.35,2980.35,2983.55,11848.0
2020-06-26 12:29:00+05:30,2984.75,2985.0,2979.0,2979.0,26357.0
2020-06-26 12:30:00+05:30,2979.0,2980.35,2974.0,2977.85,37799.0
2020-06-26 12:31:00+05:30,2976.7,2982.2,2976.6,2980.5,18488.0
2020-06-26 12:32:00+05:30,2981.4,2983.0,2978.2,2980.8,14366.0
2020-06-26 12:33:00+05:30,2980.8,2982.5,2978.0,2979.0,12662.0
2020-06-26 12:34:00+05:30,2979.0,2982.95,2978.85,2982.2,8572.0
2020-06-26 12:35:00+05:30,2982.0,2982.1,2979.0,2982.0,6247.0
2020-06-26 12:36:00+05:30,2982.0,2987.9,2980.9,2985.15,22159.0
2020-06-26 12:37:00+05:30,2985.15,2986.45,2983.0,2985.3,11038.0
2020-06-26 12:38:00+05:30,2985.9,2987.0,2985.0,2985.2,12749.0
2020-06-26 12:39:00+05:30,2985.0,2986.6,2982.05,2982.35,8139.0
2020-06-26 12:40:00+05:30,2982.5,2985.15,2980.3,2985.15,11627.0
2020-06-26 12:41:00+05:30,2984.0,2988.85,2984.0,2987.7,13855.0
2020-06-26 12:42:00+05:30,2986.95,2988.0,2981.7,2982.05,8831.0
2020-06-26 12:43:00+05:30,2982.05,2982.95,2975.55,2976.35,25811.0
2020-06-26 12:44:00+05:30,2976.25,2979.6,2970.55,2970.9,42096.0
2020-06-26 12:45:00+05:30,2969.95,2970.95,2961.35,2964.45,60876.0
2020-06-26 12:46:00+05:30,2965.0,2971.35,2963.35,2965.0,30120.0
2020-06-26 12:47:00+05:30,2964.35,2967.0,2963.05,2965.8,25202.0
2020-06-26 12:48:00+05:30,2965.1,2969.0,2963.95,2967.3,23835.0
2020-06-26 12:49:00+05:30,2966.05,2968.95,2966.0,2966.0,11226.0
2020-06-26 12:50:00+05:30,2966.4,2966.6,2961.1,2962.1,26418.0
2020-06-26 12:51:00+05:30,2962.0,2970.85,2961.65,2968.8,16828.0
2020-06-26 12:52:00+05:30,2968.45,2969.0,2966.35,2967.75,10649.0
2020-06-26 12:53:00+05:30,2968.0,2969.25,2964.3,2964.75,13174.0
2020-06-26 12:54:00+05:30,2965.9,2967.3,2963.5,2966.95,9245.0
2020-06-26 12:55:00+05:30,2966.95,2966.95,2962.0,2962.6,18215.0
2020-06-26 12:56:00+05:30,2962.0,2967.95,2962.0,2965.95,13627.0
2020-06-26 12:57:00+05:30,2964.6,2967.0,2963.15,2967.0,8714.0
2020-06-26 12:58:00+05:30,2966.95,2968.75,2964.0,2965.0,11231.0
2020-06-26 12:59:00+05:30,2966.0,2967.0,2962.55,2963.1,14091.0
2020-06-26 13:00:00+05:30,2963.1,2967.75,2963.1,2966.65,9165.0
2020-06-26 13:01:00+05:30,2966.8,2967.95,2966.0,2966.0,7513.0
2020-06-26 13:02:00+05:30,2966.05,2967.0,2963.0,2963.85,12332.0
2020-06-26 13:03:00+05:30,2963.5,2964.0,2952.1,2952.1,89832.0
2020-06-26 13:04:00+05:30,2954.25,2958.0,2951.9,2957.0,33601.0
2020-06-26 13:05:00+05:30,2958.0,2959.9,2953.25,2954.5,25568.0
2020-06-26 13:06:00+05:30,2954.0,2958.7,2953.0,2958.55,20243.0
2020-06-26 13:07:00+05:30,2957.65,2959.75,2955.85,2956.6,12402.0
2020-06-26 13:08:00+05:30,2956.55,2957.0,2952.0,2956.4,26992.0
2020-06-26 13:09:00+05:30,2956.7,2957.0,2953.4,2955.9,12238.0
2020-06-26 13:10:00+05:30,2956.5,2958.8,2944.95,2948.0,117268.0
2020-06-26 13:11:00+05:30,2948.55,2953.5,2947.2,2951.9,40268.0
2020-06-26 13:12:00+05:30,2951.7,2953.3,2950.0,2952.8,19053.0
2020-06-26 13:13:00+05:30,2951.65,2955.0,2950.85,2955.0,18375.0
2020-06-26 13:14:00+05:30,2955.0,2959.0,2954.25,2958.2,18988.0
2020-06-26 13:15:00+05:30,2959.0,2969.0,2959.0,2962.7,55060.0
2020-06-26 13:16:00+05:30,2962.0,2964.9,2961.3,2963.25,16640.0
2020-06-26 13:17:00+05:30,2964.75,2965.45,2958.1,2960.05,20949.0
2020-06-26 13:18:00+05:30,2960.05,2964.15,2958.2,2962.8,15842.0
2020-06-26 13:19:00+05:30,2964.0,2964.25,2958.45,2959.95,14048.0
2020-06-26 13:20:00+05:30,2961.1,2962.8,2960.0,2962.35,13417.0
2020-06-26 13:21:00+05:30,2962.35,2963.45,2960.8,2961.65,10703.0
2020-06-26 13:22:00+05:30,2961.35,2962.45,2958.55,2959.05,8000.0
2020-06-26 13:23:00+05:30,2959.95,2960.0,2958.0,2958.05,37753.0
2020-06-26 13:24:00+05:30,2958.0,2962.0,2958.0,2961.9,9323.0
2020-06-26 13:25:00+05:30,2963.0,2963.45,2958.0,2959.05,18822.0
2020-06-26 13:26:00+05:30,2959.4,2960.8,2958.15,2959.55,3948.0
2020-06-26 13:27:00+05:30,2959.0,2961.15,2958.0,2960.1,8971.0
2020-06-26 13:28:00+05:30,2960.0,2960.1,2953.0,2954.05,26694.0
2020-06-26 13:29:00+05:30,2955.0,2958.9,2954.0,2958.6,11053.0
2020-06-26 13:30:00+05:30,2958.0,2958.95,2953.0,2953.0,15855.0
2020-06-26 13:31:00+05:30,2953.5,2956.0,2953.2,2954.85,15887.0
2020-06-26 13:32:00+05:30,2954.85,2954.85,2950.05,2951.0,28660.0
2020-06-26 13:33:00+05:30,2950.95,2951.8,2945.1,2946.55,46171.0
2020-06-26 13:34:00+05:30,2948.0,2948.2,2942.0,2943.65,47305.0
2020-06-26 13:35:00+05:30,2944.35,2944.35,2935.3,2935.5,88793.0
2020-06-26 13:36:00+05:30,2936.0,2944.85,2932.7,2941.55,63573.0
2020-06-26 13:37:00+05:30,2942.0,2945.35,2940.15,2945.0,26468.0
2020-06-26 13:38:00+05:30,2944.75,2946.0,2941.25,2942.0,19530.0
2020-06-26 13:39:00+05:30,2942.0,2944.0,2938.0,2939.35,26526.0
2020-06-26 13:40:00+05:30,2939.8,2941.15,2935.35,2937.0,27648.0
2020-06-26 13:41:00+05:30,2936.55,2938.9,2933.0,2933.2,32183.0
2020-06-26 13:42:00+05:30,2933.2,2936.0,2928.35,2936.0,73668.0
2020-06-26 13:43:00+05:30,2934.35,2940.1,2934.25,2939.4,25582.0
2020-06-26 13:44:00+05:30,2940.0,2942.85,2936.0,2939.0,19982.0
2020-06-26 13:45:00+05:30,2937.8,2941.8,2936.4,2939.8,20033.0
2020-06-26 13:46:00+05:30,2938.4,2940.5,2935.5,2940.5,17495.0
2020-06-26 13:47:00+05:30,2941.0,2947.0,2938.2,2946.4,33123.0
2020-06-26 13:48:00+05:30,2946.4,2949.0,2942.0,2942.0,32512.0
2020-06-26 13:49:00+05:30,2942.0,2943.9,2939.2,2942.0,16666.0
2020-06-26 13:50:00+05:30,2942.0,2942.1,2937.15,2940.0,18962.0
2020-06-26 13:51:00+05:30,2940.0,2942.0,2938.0,2938.9,19398.0
2020-06-26 13:52:00+05:30,2938.95,2941.5,2937.5,2939.6,12657.0
2020-06-26 13:53:00+05:30,2939.6,2943.0,2938.15,2938.4,11715.0
2020-06-26 13:54:00+05:30,2938.75,2939.95,2936.0,2936.05,18270.0
2020-06-26 13:55:00+05:30,2936.05,2941.0,2936.05,2936.9,14758.0
2020-06-26 13:56:00+05:30,2937.8,2938.1,2921.75,2928.9,103176.0
2020-06-26 13:57:00+05:30,2928.9,2928.9,2921.8,2924.35,48938.0
2020-06-26 13:58:00+05:30,2923.9,2933.9,2923.15,2927.8,39513.0
2020-06-26 13:59:00+05:30,2927.65,2928.8,2925.0,2926.65,30237.0
2020-06-26 14:00:00+05:30,2926.85,2927.2,2919.4,2920.0,61855.0
2020-06-26 14:01:00+05:30,2919.95,2922.1,2915.2,2921.35,70651.0
2020-06-26 14:02:00+05:30,2920.2,2924.55,2918.3,2923.25,36190.0
2020-06-26 14:03:00+05:30,2924.95,2924.95,2920.2,2922.1,27083.0
2020-06-26 14:04:00+05:30,2922.5,2926.15,2922.5,2922.9,31224.0
2020-06-26 14:05:00+05:30,2922.7,2928.9,2922.5,2926.0,42025.0
2020-06-26 14:06:00+05:30,2925.55,2930.25,2925.45,2928.8,67885.0
2020-06-26 14:07:00+05:30,2929.3,2930.0,2925.0,2925.0,42850.0
2020-06-26 14:08:00+05:30,2925.6,2928.0,2923.6,2926.8,18943.0
2020-06-26 14:09:00+05:30,2926.5,2926.95,2920.0,2920.95,36564.0
2020-06-26 14:10:00+05:30,2921.0,2921.0,2907.0,2908.25,111960.0
2020-06-26 14:11:00+05:30,2908.0,2910.7,2905.0,2908.4,85889.0
2020-06-26 14:12:00+05:30,2908.6,2912.5,2907.05,2910.05,43444.0
2020-06-26 14:13:00+05:30,2911.0,2916.0,2910.05,2912.8,34383.0
2020-06-26 14:14:00+05:30,2913.9,2917.0,2913.0,2914.0,25021.0
2020-06-26 14:15:00+05:30,2914.0,2921.95,2914.0,2917.0,46751.0
2020-06-26 14:16:00+05:30,2917.0,2919.6,2915.45,2918.3,18940.0
2020-06-26 14:17:00+05:30,2918.35,2919.5,2910.0,2910.0,37099.0
2020-06-26 14:18:00+05:30,2909.0,2910.9,2905.0,2906.25,52181.0
2020-06-26 14:19:00+05:30,2906.6,2913.3,2906.0,2911.0,27594.0
2020-06-26 14:20:00+05:30,2911.55,2916.0,2910.85,2915.7,23883.0
2020-06-26 14:21:00+05:30,2915.25,2922.55,2915.1,2921.0,56296.0
2020-06-26 14:22:00+05:30,2921.6,2929.55,2921.1,2922.85,67099.0
2020-06-26 14:23:00+05:30,2923.2,2924.0,2917.65,2918.8,27672.0
2020-06-26 14:24:00+05:30,2918.45,2923.0,2918.25,2922.5,33227.0
2020-06-26 14:25:00+05:30,2922.5,2925.0,2919.85,2920.0,43219.0
2020-06-26 14:26:00+05:30,2919.95,2920.0,2915.0,2917.6,43626.0
2020-06-26 14:27:00+05:30,2917.65,2924.0,2916.9,2921.3,16365.0
2020-06-26 14:28:00+05:30,2920.4,2923.9,2919.3,2921.5,16724.0
2020-06-26 14:29:00+05:30,2921.0,2923.0,2917.0,2922.95,19461.0
2020-06-26 14:30:00+05:30,2922.85,2928.7,2922.85,2926.55,42446.0
2020-06-26 14:31:00+05:30,2926.05,2933.75,2925.2,2929.2,89390.0
2020-06-26 14:32:00+05:30,2929.85,2930.0,2922.0,2922.0,42841.0
2020-06-26 14:33:00+05:30,2922.65,2922.7,2916.5,2917.05,41462.0
2020-06-26 14:34:00+05:30,2917.25,2917.25,2905.0,2915.1,94910.0
2020-06-26 14:35:00+05:30,2915.0,2915.95,2901.65,2908.1,73518.0
2020-06-26 14:36:00+05:30,2907.2,2909.0,2890.0,2891.3,145957.0
2020-06-26 14:37:00+05:30,2891.3,2896.8,2885.8,2894.4,112135.0
2020-06-26 14:38:00+05:30,2893.0,2894.0,2887.15,2889.15,56235.0
2020-06-26 14:39:00+05:30,2888.05,2888.05,2877.35,2877.35,118744.0
2020-06-26 14:40:00+05:30,2878.9,2886.0,2876.75,2885.1,94427.0
2020-06-26 14:41:00+05:30,2885.75,2890.0,2883.9,2890.0,48735.0
2020-06-26 14:42:00+05:30,2889.0,2890.0,2883.0,2883.15,43111.0
2020-06-26 14:43:00+05:30,2883.35,2886.25,2878.0,2884.2,57210.0
2020-06-26 14:44:00+05:30,2884.35,2890.0,2883.35,2890.0,34368.0
2020-06-26 14:45:00+05:30,2892.65,2898.0,2887.35,2887.35,75083.0
2020-06-26 14:46:00+05:30,2888.1,2892.0,2886.0,2887.0,32946.0
2020-06-26 14:47:00+05:30,2887.0,2889.0,2885.1,2887.0,24600.0
2020-06-26 14:48:00+05:30,2886.7,2893.2,2886.1,2892.55,26051.0
2020-06-26 14:49:00+05:30,2892.45,2892.55,2885.0,2887.15,24524.0
2020-06-26 14:50:00+05:30,2887.2,2889.4,2886.1,2889.4,21073.0
2020-06-26 14:51:00+05:30,2889.0,2891.9,2887.65,2888.5,19537.0
2020-06-26 14:52:00+05:30,2888.75,2889.0,2883.7,2887.8,30546.0
2020-06-26 14:53:00+05:30,2887.55,2887.55,2885.0,2887.15,16912.0
2020-06-26 14:54:00+05:30,2886.9,2888.0,2885.6,2888.0,33479.0
2020-06-26 14:55:00+05:30,2887.9,2890.0,2886.0,2886.9,24778.0
2020-06-26 14:56:00+05:30,2886.9,2886.9,2878.0,2879.8,66803.0
2020-06-26 14:57:00+05:30,2878.85,2879.85,2872.45,2877.0,71523.0
2020-06-26 14:58:00+05:30,2877.0,2880.0,2875.15,2876.0,33863.0
2020-06-26 14:59:00+05:30,2876.4,2887.0,2873.0,2885.7,57145.0
2020-06-26 15:00:00+05:30,2885.0,2898.0,2883.9,2895.6,89377.0
2020-06-26 15:01:00+05:30,2896.0,2911.85,2895.05,2901.5,138002.0
2020-06-26 15:02:00+05:30,2902.0,2909.2,2897.35,2907.85,62364.0
2020-06-26 15:03:00+05:30,2907.8,2914.1,2904.05,2907.8,73201.0
2020-06-26 15:04:00+05:30,2906.1,2911.45,2905.0,2909.0,40639.0
2020-06-26 15:05:00+05:30,2909.0,2917.65,2906.55,2916.3,57890.0
2020-06-26 15:06:00+05:30,2917.55,2918.45,2910.0,2911.65,44239.0
2020-06-26 15:07:00+05:30,2910.8,2911.5,2897.25,2897.25,73558.0
2020-06-26 15:08:00+05:30,2897.5,2899.15,2892.2,2894.2,57502.0
2020-06-26 15:09:00+05:30,2894.1,2903.3,2892.0,2901.0,40311.0
2020-06-26 15:10:00+05:30,2900.45,2903.55,2890.7,2891.25,78276.0
2020-06-26 15:11:00+05:30,2892.65,2896.9,2891.05,2893.7,32326.0
2020-06-26 15:12:00+05:30,2892.4,2896.0,2890.1,2896.0,41207.0
2020-06-26 15:13:00+05:30,2896.0,2896.6,2893.6,2896.0,24298.0
2020-06-26 15:14:00+05:30,2896.0,2900.0,2895.45,2897.4,23301.0
2020-06-26 15:15:00+05:30,2897.65,2904.7,2897.65,2903.8,41143.0
2020-06-26 15:16:00+05:30,2903.0,2905.0,2899.25,2902.6,94915.0
2020-06-26 15:17:00+05:30,2901.0,2905.0,2900.0,2902.55,47110.0
2020-06-26 15:18:00+05:30,2903.4,2906.0,2901.3,2903.35,41554.0
2020-06-26 15:19:00+05:30,2903.65,2909.0,2902.6,2908.65,31252.0
2020-06-26 15:20:00+05:30,2908.7,2909.45,2903.0,2905.2,41442.0
2020-06-26 15:21:00+05:30,2906.3,2917.15,2902.3,2904.4,112199.0
2020-06-26 15:22:00+05:30,2906.35,2912.0,2902.8,2908.75,26042.0
2020-06-26 15:23:00+05:30,2909.25,2913.65,2908.0,2911.1,12860.0
2020-06-26 15:24:00+05:30,2911.8,2914.95,2910.15,2913.5,14382.0
2020-06-26 15:25:00+05:30,2913.45,2913.8,2910.0,2910.4,17571.0
2020-06-26 15:26:00+05:30,2911.0,2911.0,2906.1,2908.0,19274.0
2020-06-26 15:27:00+05:30,2908.0,2910.95,2908.0,2910.0,22344.0
2020-06-26 15:28:00+05:30,2910.0,2912.9,2909.6,2912.0,24717.0
12020-06-26 15:29:00+05:30,2911.6,2914.0,2910.0,2912.55,28961.0