Datetime,1min,2min,5min,1min%,2min%,5min%,Trend
2020-06-26 09:15:00+05:30,,,,,,,0
2020-06-26 09:16:00+05:30,,,,,,,0
2020-06-26 09:17:00+05:30,,,,,,,0
2020-06-26 09:18:00+05:30,,,,,,,0
2020-06-26 09:19:00+05:30,,,,,,,0
2020-06-26 09:20:00+05:30,,,,,,,0
2020-06-26 09:21:00+05:30,,,,,,,0
2020-06-26 09:22:00+05:30,,,,,,,0
2020-06-26 09:23:00+05:30,,,,,,,0
2020-06-26 09:24:00+05:30,,,,,,,0
2020-06-26 09:25:00+05:30,,,,,,,0
2020-06-26 09:26:00+05:30,,,,,,,0
2020-06-26 09:27:00+05:30,,,,,,,0
2020-06-26 09:28:00+05:30,,,,,,,0
2020-06-26 09:29:00+05:30,,,,,,,0
2020-06-26 09:30:00+05:30,,,,,,,0
2020-06-26 09:31:00+05:30,,,,,,,0
2020-06-26 09:32:00+05:30,,,,,,,0
2020-06-26 09:33:00+05:30,,,,,,,0
2020-06-26 09:34:00+05:30,,,,,,,0
2020-06-26 09:35:00+05:30,,,,,,,0
2020-06-26 09:36:00+05:30,,,,,,,0
2020-06-26 09:37:00+05:30,,,,,,,0
2020-06-26 09:38:00+05:30,,,,,,,0
2020-06-26 09:39:00+05:30,,,,,,,0
2020-06-26 09:40:00+05:30,,,,,,,0
2020-06-26 09:41:00+05:30,,,,,,,0
2020-06-26 09:42:00+05:30,,,,,,,0
2020-06-26 09:43:00+05:30,,,,,,,0
2020-06-26 09:44:00+05:30,,,,,,,0
2020-06-26 09:45:00+05:30,,,,,,,0
2020-06-26 09:46:00+05:30,,,,,,,0
2020-06-26 09:47:00+05:30,,,,,,,0
2020-06-26 09:48:00+05:30,0.732674746,,,,,,0
2020-06-26 09:49:00+05:30,0.793673176,,,8.325444594,,,1.9
2020-06-26 09:50:00+05:30,0.950709731,,,19.78604794,,,2.3
2020-06-26 09:51:00+05:30,0.825690294,,,-13.15011639,,,-1.3
2020-06-26 09:52:00+05:30,1.259267688,,,52.51089868,,,2.5
2020-06-26 09:53:00+05:30,1.647221334,,,30.80787742,,,1.3
2020-06-26 09:54:00+05:30,2.081404755,,,26.35853558,,,0.7
2020-06-26 09:55:00+05:30,2.574495447,,,23.69028371,,,0.3
2020-06-26 09:56:00+05:30,2.306979684,,,-10.39099771,,,0
2020-06-26 09:57:00+05:30,1.731040235,,,-24.96508542,,,0
2020-06-26 09:58:00+05:30,1.530483245,,,-11.58592312,,,0
2020-06-26 09:59:00+05:30,1.093601476,,,-28.54534806,,,0
2020-06-26 10:00:00+05:30,0.88000259,,,-19.53169325,,,0
2020-06-26 10:01:00+05:30,0.837880775,,,-4.786555785,,,0
2020-06-26 10:02:00+05:30,0.826954665,,,-1.304017298,,,0
2020-06-26 10:03:00+05:30,0.802360554,,,-2.974057963,,,0
2020-06-26 10:04:00+05:30,0.854813973,,,6.537387546,,,0
2020-06-26 10:05:00+05:30,1.049778681,,,22.80785227,,,0
2020-06-26 10:06:00+05:30,1.433134586,,,36.5177834,,,0
2020-06-26 10:07:00+05:30,1.572974271,,,9.75761012,,,0
2020-06-26 10:08:00+05:30,1.290805415,,,-17.93855506,,,0
2020-06-26 10:09:00+05:30,1.234612011,,,-4.35335979,,,0
2020-06-26 10:10:00+05:30,0.886227349,,,-28.21814941,,,0
2020-06-26 10:11:00+05:30,0.536871802,,,-39.42053333,,,0
2020-06-26 10:12:00+05:30,0.245479359,,,-54.27598208,,,0
2020-06-26 10:13:00+05:30,-0.192701914,,,-178.5002517,,,-1.2
2020-06-26 10:14:00+05:30,-0.508025198,,,163.632668,,,-0.8
2020-06-26 10:15:00+05:30,-1.0732712,,,111.2633789,,,-0.1
2020-06-26 10:16:00+05:30,-1.418471202,,,32.1633528,,,0
2020-06-26 10:17:00+05:30,-1.725675259,,,21.6574053,,,0
2020-06-26 10:18:00+05:30,-2.614439992,,,51.50243236,,,0
2020-06-26 10:19:00+05:30,-2.315451237,,,-11.43605346,,,0
2020-06-26 10:20:00+05:30,-2.274762381,-1.936290975,,-1.757275441,,,0
2020-06-26 10:21:00+05:30,-2.699244018,,,18.66048253,0,,0
2020-06-26 10:22:00+05:30,-2.056283065,-1.689501508,,-23.82003808,-12.74547422,,0
2020-06-26 10:23:00+05:30,-1.325310959,,,-35.5482238,0,,0
2020-06-26 10:24:00+05:30,-0.823362171,-1.328089422,,-37.87403892,-21.39164033,,0
2020-06-26 10:25:00+05:30,-0.33304386,,,-59.55074547,0,,0
2020-06-26 10:26:00+05:30,-0.375928191,-1.31759054,,12.87648133,-0.790525207,,0
2020-06-26 10:27:00+05:30,-0.280848894,,,-25.29187737,0,,0
2020-06-26 10:28:00+05:30,0.014421908,-0.97415722,,-105.1351129,-26.06525397,,0
2020-06-26 10:29:00+05:30,0.260113253,,,1703.598076,0,,2.9
2020-06-26 10:30:00+05:30,0.78353596,-0.125123531,,201.2287732,-87.15571488,,0
2020-06-26 10:31:00+05:30,1.470956083,,,87.73306635,0,,0
2020-06-26 10:32:00+05:30,1.829299673,0.628041098,,24.36127042,-601.9368413,,0
2020-06-26 10:33:00+05:30,2.019056939,,,10.37321928,0,,0
2020-06-26 10:34:00+05:30,2.047116854,0.994619245,,1.389753532,58.36849656,,0
2020-06-26 10:35:00+05:30,1.731565905,,,-15.41440822,0,,0
2020-06-26 10:36:00+05:30,1.331304115,0.964987251,,-23.11559663,-2.979229895,,0
2020-06-26 10:37:00+05:30,1.026721495,,,-22.87851565,0,,0
2020-06-26 10:38:00+05:30,0.811689759,0.849107417,,-20.94353115,-12.00843165,,0
2020-06-26 10:39:00+05:30,0.429274623,,,-47.11346076,0,,0
2020-06-26 10:40:00+05:30,0.423693307,0.992824101,,-1.300173746,16.92561877,,0
2020-06-26 10:41:00+05:30,0.567477182,,,33.93583815,0,,0
2020-06-26 10:42:00+05:30,0.732231817,1.070878642,,29.03282117,7.861870127,,0
2020-06-26 10:43:00+05:30,0.449910374,,,-38.55629271,0,,0
2020-06-26 10:44:00+05:30,0.315959442,0.930532677,,-29.77280371,-13.10568349,,0
2020-06-26 10:45:00+05:30,0.108998372,,,-65.50241661,0,,0
2020-06-26 10:46:00+05:30,-0.595801288,0.299559441,,-646.6148511,-67.80774621,,-1
2020-06-26 10:47:00+05:30,-0.802138085,,,34.63181454,0,,0
2020-06-26 10:48:00+05:30,-0.922719505,0.106626833,,15.03250153,-64.40545053,,0
2020-06-26 10:49:00+05:30,-0.690756604,,,-25.13904819,0,,0
2020-06-26 10:50:00+05:30,-0.908924078,-0.1289451,,31.58384183,-220.9311911,,0
2020-06-26 10:51:00+05:30,-0.700103693,,,-22.97445852,0,,0
2020-06-26 10:52:00+05:30,-0.418077846,-0.000479916,,-40.28343932,-99.62781375,,0
2020-06-26 10:53:00+05:30,-0.218871407,,,-47.64816905,0,,0
2020-06-26 10:54:00+05:30,0.157797793,0.349423417,,-172.09612,-72909.29715,,0
2020-06-26 10:55:00+05:30,0.43732983,,,177.1457209,0,,0
2020-06-26 10:56:00+05:30,0.886025886,0.694536529,,102.5990057,98.76645237,,0
2020-06-26 10:57:00+05:30,0.754697032,,,-14.82223675,0,,0
2020-06-26 10:58:00+05:30,0.574499838,0.85104691,,-23.87675934,22.53450666,,0
2020-06-26 10:59:00+05:30,0.847251344,,,47.47634172,0,,0
2020-06-26 11:00:00+05:30,1.400436711,1.60831732,,65.29176628,88.98104224,,0
2020-06-26 11:01:00+05:30,1.781304385,,,27.19635026,0,,0
2020-06-26 11:02:00+05:30,2.0109957,2.172273705,,12.89455737,35.06499482,,0
2020-06-26 11:03:00+05:30,2.068681559,,,2.86852224,0,,0
2020-06-26 11:04:00+05:30,1.806602274,2.334852021,,-12.66890421,7.484246398,,0
2020-06-26 11:05:00+05:30,1.676000611,,,-7.229132003,0,,0
2020-06-26 11:06:00+05:30,1.180918455,1.986312111,,-29.53949736,-14.9277088,,0
2020-06-26 11:07:00+05:30,0.576374955,,,-51.19265409,0,,0
2020-06-26 11:08:00+05:30,0.038899846,1.572068709,,-93.25094798,-20.85489985,,0
2020-06-26 11:09:00+05:30,-0.099790455,,,-356.5317519,0,,0
2020-06-26 11:10:00+05:30,-0.143767389,1.500132019,,44.06927851,-4.575925322,,0
2020-06-26 11:11:00+05:30,0.001888527,,,-101.3135992,0,,0
2020-06-26 11:12:00+05:30,0.357680191,1.714893352,,18839.63643,14.31616216,,5
2020-06-26 11:13:00+05:30,0.452381123,,,26.47642654,0,,0
2020-06-26 11:14:00+05:30,0.549747689,2.063871327,,21.52312752,20.34983548,,0
2020-06-26 11:15:00+05:30,1.085960684,,,97.53801692,0,,0
2020-06-26 11:16:00+05:30,1.25400025,2.459616738,,15.47381672,19.17490715,,0
2020-06-26 11:17:00+05:30,1.485933597,,,18.49547861,0,,0
2020-06-26 11:18:00+05:30,1.410517406,2.505730886,,-5.075340641,1.87485096,,0
2020-06-26 11:19:00+05:30,1.127244648,,,-20.08289701,0,,0
2020-06-26 11:20:00+05:30,1.230131373,2.898933459,,9.12727553,15.69213099,,0
2020-06-26 11:21:00+05:30,1.582812586,,,28.67020718,0,,0
2020-06-26 11:22:00+05:30,1.205235118,2.699102925,,-23.85484365,-6.893243223,,0
2020-06-26 11:23:00+05:30,0.862433512,,,-28.44271633,0,,0
2020-06-26 11:24:00+05:30,0.372362084,2.114344516,,-56.82425613,-21.66491703,,0
2020-06-26 11:25:00+05:30,-0.226655031,,,-160.8695248,0,,0
2020-06-26 11:26:00+05:30,-0.565286997,1.623671425,,149.4041247,-23.20686565,,0
2020-06-26 11:27:00+05:30,-0.683383946,,,20.89150283,0,,0
2020-06-26 11:28:00+05:30,-0.929921366,1.209204082,,36.0759748,-25.52655274,,0
2020-06-26 11:29:00+05:30,-0.839868125,,,-9.683962994,0,,0
2020-06-26 11:30:00+05:30,-1.001140068,0.799249846,,19.20205551,-33.90281606,,0
2020-06-26 11:31:00+05:30,-0.986922623,,,-1.420125425,0,,0
2020-06-26 11:32:00+05:30,-1.014370129,0.408602282,,2.781120303,-48.87677695,,0
2020-06-26 11:33:00+05:30,-1.118426634,,,10.25823829,0,,0
2020-06-26 11:34:00+05:30,-0.777481996,0.48196754,,-30.48430961,17.95517598,,0
2020-06-26 11:35:00+05:30,-0.44813606,,,-42.36058683,0,,0
2020-06-26 11:36:00+05:30,-0.046576935,0.672105809,,-89.6065192,39.45043024,,0
2020-06-26 11:37:00+05:30,0.092120295,,,-297.7809286,0,,0
2020-06-26 11:38:00+05:30,-0.00523758,0.520289186,,-105.685587,-22.58820272,,0
2020-06-26 11:39:00+05:30,-0.095463113,,,1722.657058,0,,-1.4
2020-06-26 11:40:00+05:30,-0.316669742,0.160914497,,231.7194801,-69.07210433,,0
2020-06-26 11:41:00+05:30,-0.572555298,,,80.80518024,0,,0
2020-06-26 11:42:00+05:30,-0.446170272,0.17971926,,-22.07385507,11.68618358,,0
2020-06-26 11:43:00+05:30,-0.238956242,,,-46.44281402,0,,0
2020-06-26 11:44:00+05:30,-0.122224243,0.217184128,,-48.85078471,20.8463287,,0
2020-06-26 11:45:00+05:30,-0.039327389,,,-67.82357756,0,,0
2020-06-26 11:46:00+05:30,0.075542194,0.324512591,,-292.0854569,49.41818925,,0
2020-06-26 11:47:00+05:30,0.197876069,,,161.9411185,0,,0
2020-06-26 11:48:00+05:30,0.426514501,0.564990733,,115.5462782,74.1044103,,0
2020-06-26 11:49:00+05:30,0.536517162,,,25.79107167,0,,0
2020-06-26 11:50:00+05:30,0.651325713,0.728249898,,21.398859,28.8959013,,0
2020-06-26 11:51:00+05:30,0.618053802,,,-5.108336743,0,,0
2020-06-26 11:52:00+05:30,0.300850434,0.432435719,,-51.32293771,-40.61987234,,0
2020-06-26 11:53:00+05:30,-0.060310367,,,-120.0466277,0,,0
2020-06-26 11:54:00+05:30,-0.139582359,0.219188198,,131.440077,-49.31311455,,0
2020-06-26 11:55:00+05:30,-0.359977404,,,157.8960602,0,,0
2020-06-26 11:56:00+05:30,-0.273545728,0.25822862,,-24.01030594,17.81137089,,0
2020-06-26 11:57:00+05:30,-0.091244045,,,-66.6439517,0,,0
2020-06-26 11:58:00+05:30,0.04288113,0.309173377,,-146.9960859,19.72854763,,0
2020-06-26 11:59:00+05:30,0.043954909,,,2.504083829,0,,0
2020-06-26 12:00:00+05:30,0.280566499,0.593947852,2.598373275,538.3052629,92.10834315,,0
2020-06-26 12:01:00+05:30,0.540084676,,,92.49792017,0,0,0
2020-06-26 12:02:00+05:30,0.818270222,0.887746627,,51.50776516,49.46541593,0,0
2020-06-26 12:03:00+05:30,0.807719561,,,-1.289385924,0,0,0
2020-06-26 12:04:00+05:30,0.876559188,1.128295406,,8.52271377,27.09655792,0,0
2020-06-26 12:05:00+05:30,0.95445285,,2.950077932,8.886298116,0,13.5355709,0
2020-06-26 12:06:00+05:30,0.709483499,1.132024432,,-25.66594576,0.33050092,0,0
2020-06-26 12:07:00+05:30,0.707334622,,,-0.302879058,0,0,-0.2
2020-06-26 12:08:00+05:30,0.705909893,1.10260651,,-0.201422224,-2.598700306,0,-0.7
2020-06-26 12:09:00+05:30,0.409843568,,,-41.94109312,0,0,0
2020-06-26 12:10:00+05:30,0.275539619,0.986028689,3.139469312,-32.76956364,-10.57293055,6.419877203,0
2020-06-26 12:11:00+05:30,0.153311123,,,-44.35968103,0,0,0
2020-06-26 12:12:00+05:30,0.118099593,0.888884007,,-22.96736828,-9.852115231,0,0
2020-06-26 12:13:00+05:30,0.01456084,,,-87.67071097,0,0,0
2020-06-26 12:14:00+05:30,0.253305493,1.067043157,,1639.635155,20.04301446,0,1
2020-06-26 12:15:00+05:30,0.374405712,,3.358099161,47.80797156,0,6.963911004,0
2020-06-26 12:16:00+05:30,0.306077029,0.991171196,,-18.24990398,-7.110486561,0,0
2020-06-26 12:17:00+05:30,0.195292585,,,-36.19495533,0,0,0
2020-06-26 12:18:00+05:30,0.171750113,0.950844145,,-12.05497464,-4.068626286,0,0
2020-06-26 12:19:00+05:30,0.152677771,,,-11.10470449,0,0,0
2020-06-26 12:20:00+05:30,1.027315449,1.792685817,4.340476003,572.8651089,88.53624197,29.25395572,0
2020-06-26 12:21:00+05:30,1.507711016,,,46.7622255,0,0,0
2020-06-26 12:22:00+05:30,1.989990595,2.312798384,,31.98753434,29.0130352,0,0
2020-06-26 12:23:00+05:30,1.786311615,,,-10.23517298,0,0,0
2020-06-26 12:24:00+05:30,1.373082097,1.97330778,,-23.13311487,-14.67878076,0,0
2020-06-26 12:25:00+05:30,0.649208246,,4.015810747,-52.71890534,0,-7.479945879,0
2020-06-26 12:26:00+05:30,-0.338203614,1.223205447,,-152.0947809,-38.01243479,0,0
2020-06-26 12:27:00+05:30,-0.512907271,,,51.65635433,0,0,0
2020-06-26 12:28:00+05:30,-0.745443755,0.631988408,,45.33694437,-48.33342105,0,0
2020-06-26 12:29:00+05:30,-1.179029229,,,58.16474706,0,0,0
2020-06-26 12:30:00+05:30,-1.496231746,0.059824268,3.518598285,26.90370252,-90.53396122,-12.38137187,0
2020-06-26 12:31:00+05:30,-1.477942061,,,-1.222383113,0,0,0
2020-06-26 12:32:00+05:30,-1.396934122,-0.290255546,,-5.481130933,-585.1802735,0,0
2020-06-26 12:33:00+05:30,-1.411695364,,,1.056688467,0,0,0
2020-06-26 12:34:00+05:30,-1.163403206,-0.387992839,,-17.58822507,33.67284259,0,0
2020-06-26 12:35:00+05:30,-0.977578584,,3.318654898,-15.97250383,0,-5.682472705,0
2020-06-26 12:36:00+05:30,-0.624631365,-0.262527525,,-36.10422989,-32.33701787,0,0
2020-06-26 12:37:00+05:30,-0.375466345,,,-39.88993084,0,0,0
2020-06-26 12:38:00+05:30,-0.219510293,-0.2951077,,-41.5366263,12.41019356,0,0
2020-06-26 12:39:00+05:30,-0.305149556,,,39.0137801,0,0,0
2020-06-26 12:40:00+05:30,-0.176461432,-0.162714785,2.829319006,-42.17214845,-44.86257546,-14.74500684,0
2020-06-26 12:41:00+05:30,0.064264676,,,-136.4185396,0,0,0
2020-06-26 12:42:00+05:30,-0.160856553,-0.563688761,,-350.3032173,246.4274989,0,0
2020-06-26 12:43:00+05:30,-0.6689849,,,315.889119,0,0,0
2020-06-26 12:44:00+05:30,-1.31038053,-1.551078245,,95.87595036,175.1657215,0,0
2020-06-26 12:45:00+05:30,-2.062513534,,1.466233753,57.39806012,0,-48.1771497,0
2020-06-26 12:46:00+05:30,-2.393201992,-2.26041241,,16.03327457,45.73168163,0,0
2020-06-26 12:47:00+05:30,-2.420992931,,,1.161244988,0,0,0
2020-06-26 12:48:00+05:30,-2.207286427,-2.528173216,,-8.827225416,11.84566166,0,0
2020-06-26 12:49:00+05:30,-2.027075461,,,-8.164367086,0,0,0
2020-06-26 12:50:00+05:30,-2.038611615,-2.65571899,0.585983036,0.569103358,5.044977664,-60.03481471,0
2020-06-26 12:51:00+05:30,-1.488612762,,,-26.97908957,0,0,0
2020-06-26 12:52:00+05:30,-1.106680537,-2.55500629,,-25.65692263,-3.79229507,0,0
2020-06-26 12:53:00+05:30,-0.972032834,,,-12.16680864,0,0,0
2020-06-26 12:54:00+05:30,-0.665369422,-2.455866935,,-31.54866807,-3.880200028,0,0
2020-06-26 12:55:00+05:30,-0.683454885,,-0.055317753,2.718108553,0,-109.4401628,0
2020-06-26 12:56:00+05:30,-0.411184838,-2.154692271,,-39.83731076,-12.26347647,0,0
2020-06-26 12:57:00+05:30,-0.117041883,,,-71.53545754,0,0,0
2020-06-26 12:58:00+05:30,-0.018985984,-2.001010748,,-83.77847014,-7.13241171,0,0
2020-06-26 12:59:00+05:30,-0.042548866,,,124.1067216,0,0,0
2020-06-26 13:00:00+05:30,0.206798406,-1.643327577,-0.657971325,-586.0256552,-17.87512488,1089.439726,0
2020-06-26 13:01:00+05:30,0.345623757,,,67.13076432,0,0,0
2020-06-26 13:02:00+05:30,0.311384411,-1.850847673,,-9.906536972,12.62804191,0,0
2020-06-26 13:03:00+05:30,-0.44289293,,,-242.2334946,0,0,0
2020-06-26 13:04:00+05:30,-0.545362128,-2.006646031,,23.13633641,8.417675908,0,0
2020-06-26 13:05:00+05:30,-0.704926727,,-1.274785609,29.25846706,0,93.7448579,0
2020-06-26 13:06:00+05:30,-0.472300608,-1.858823909,,-33.00004245,-7.36662668,0,0
2020-06-26 13:07:00+05:30,-0.387881105,,,-17.87410426,0,0,0
2020-06-26 13:08:00+05:30,-0.288215076,-1.731618204,,-25.69499455,-6.843343512,0,0
2020-06-26 13:09:00+05:30,-0.202705877,,,-29.6685379,0,0,0
2020-06-26 13:10:00+05:30,-0.602341143,-1.924785439,-1.768232786,197.1503104,11.1553017,38.70824808,0
2020-06-26 13:11:00+05:30,-0.530684728,,,-11.89631739,0,0,0
2020-06-26 13:12:00+05:30,-0.357631621,-1.656493817,,-32.60940027,-13.93878071,0,0
2020-06-26 13:13:00+05:30,-0.046318683,,,-87.04849337,0,0,0
2020-06-26 13:14:00+05:30,0.399256533,-0.943331604,,-961.9772981,-43.05251282,0,0.3
2020-06-26 13:15:00+05:30,0.987679932,,-1.402686292,147.3797796,0,-20.6729847,0
2020-06-26 13:16:00+05:30,1.380460783,-0.327992723,,39.7680299,-65.2303897,0,0
2020-06-26 13:17:00+05:30,1.387563864,,,0.51454427,0,0,0
2020-06-26 13:18:00+05:30,1.529111798,0.100391817,,10.20118335,-130.6079403,0,0
2020-06-26 13:19:00+05:30,1.386642912,,,-9.317100731,0,0,0
2020-06-26 13:20:00+05:30,1.405508534,0.446347455,-1.135012446,1.360524933,344.6054164,-19.08294446,0
2020-06-26 13:21:00+05:30,1.323468338,,,-5.837047156,0,0,0
2020-06-26 13:22:00+05:30,1.058213,0.461428393,,-20.04243933,3.378743953,0,0
2020-06-26 13:23:00+05:30,0.791723463,,,-25.18297707,0,0,0
2020-06-26 13:24:00+05:30,0.846141348,0.610301165,,6.873344985,32.26346154,0,0
2020-06-26 13:25:00+05:30,0.669338237,,-1.015433105,-20.89522169,0,-10.53550925,0
2020-06-26 13:26:00+05:30,0.569142214,0.669506426,,-14.96941566,9.700990994,0,0
2020-06-26 13:27:00+05:30,0.524108164,,,-7.912618233,0,0,0
2020-06-26 13:28:00+05:30,0.093618198,0.485999908,,-82.13761877,-27.40922427,0,0
2020-06-26 13:29:00+05:30,0.12035279,,,28.55704576,0,0,0
2020-06-26 13:30:00+05:30,-0.215758191,0.229077802,-1.383832979,-279.2714497,-52.86464078,36.28007319,0
2020-06-26 13:31:00+05:30,-0.285740903,,,32.435715,0,0,0
2020-06-26 13:32:00+05:30,-0.548360385,-0.23641218,,91.90825622,-203.2016972,0,0
2020-06-26 13:33:00+05:30,-0.954994689,,,74.1545733,0,0,0
2020-06-26 13:34:00+05:30,-1.329484246,-1.066149421,,39.21378427,350.9705972,0,0
2020-06-26 13:35:00+05:30,-1.996207308,,-2.07838044,50.14900062,0,50.19012207,0
2020-06-26 13:36:00+05:30,-1.90038536,-1.255015755,,-4.800200271,17.71480909,0,0
2020-06-26 13:37:00+05:30,-1.493232679,,,-21.42474307,0,0,0
2020-06-26 13:38:00+05:30,-1.320508096,-1.431486783,,-11.567158,14.06125999,0,0
2020-06-26 13:39:00+05:30,-1.278427123,,,-3.186725851,0,0,0
2020-06-26 13:40:00+05:30,-1.298377895,-1.777532673,-2.593503661,1.560571721,24.17387945,24.7848378,0
2020-06-26 13:41:00+05:30,-1.445739458,,,11.34966661,0,0,0
2020-06-26 13:42:00+05:30,-1.240742984,-1.685963744,,-14.17935106,-5.15146246,0,0
2020-06-26 13:43:00+05:30,-0.784523072,,,-36.76989657,0,0,0
2020-06-26 13:44:00+05:30,-0.435476013,-1.378499766,,-44.49162447,-18.23668982,0,0
2020-06-26 13:45:00+05:30,-0.094326711,,-2.390169893,-78.33940149,0,-7.840118795,0
2020-06-26 13:46:00+05:30,0.217822044,-0.798721332,,-330.9229715,-42.05865302,0,0
2020-06-26 13:47:00+05:30,0.826785854,,,279.569414,0,0,0
2020-06-26 13:48:00+05:30,0.930658353,-0.427831121,,12.56341026,-46.43549584,0,0
2020-06-26 13:49:00+05:30,0.991180797,,,6.503186028,0,0,0
2020-06-26 13:50:00+05:30,0.891465151,-0.276534995,-2.301413526,-10.06028835,-35.36351573,-3.71339154,0
2020-06-26 13:51:00+05:30,0.751946701,,,-15.65046596,0,0,0
2020-06-26 13:52:00+05:30,0.707952369,-0.136160008,,-5.850724813,-50.76210611,0,0
2020-06-26 13:53:00+05:30,0.60326983,,,-14.78666402,0,0,0
2020-06-26 13:54:00+05:30,0.391271445,-0.142100183,,-35.14155274,4.36264295,0,0
2020-06-26 13:55:00+05:30,0.326447608,,-2.674443526,-16.56748468,0,16.20873414,0
2020-06-26 13:56:00+05:30,-0.208262265,-0.706576986,,-163.7965357,397.238619,0,0
2020-06-26 13:57:00+05:30,-0.788811615,,,278.7587807,0,0,0
2020-06-26 13:58:00+05:30,-0.855319733,-0.923037901,,8.431432432,30.63514942,0,0
2020-06-26 13:59:00+05:30,-0.887762108,,,3.79301132,0,0,0
2020-06-26 14:00:00+05:30,-1.246125812,-1.364214467,-3.140868665,40.36708726,47.79614856,17.44008181,0
2020-06-26 14:01:00+05:30,-1.276603192,,,2.445770654,0,0,0
2020-06-26 14:02:00+05:30,-1.061960748,-1.3743609,,-16.81356,0.743756377,0,0
2020-06-26 14:03:00+05:30,-0.897157311,,,-15.51878799,0,0,0
2020-06-26 14:04:00+05:30,-0.645742019,-1.125040629,,-28.02354605,-18.14081517,0,0
2020-06-26 14:05:00+05:30,-0.204967295,,-2.958393556,-68.25864056,0,-5.80970197,0
2020-06-26 14:06:00+05:30,0.312709975,-0.680520318,,-252.5657907,-39.51148957,0,0
2020-06-26 14:07:00+05:30,0.429541462,,,37.36097255,0,0,0
2020-06-26 14:08:00+05:30,0.645405986,-0.484805559,,50.25464174,-28.75957614,0,0
2020-06-26 14:09:00+05:30,0.422350383,,,-34.56051043,0,0,0
2020-06-26 14:10:00+05:30,-0.502232528,-1.25350826,-3.546268227,-218.9137144,158.55897,19.87141534,0
2020-06-26 14:11:00+05:30,-0.99684933,,,98.48362561,0,0,0
2020-06-26 14:12:00+05:30,-1.098044559,-1.393336046,,10.15150692,11.15491542,0,0
2020-06-26 14:13:00+05:30,-0.87464385,,,-20.34532269,0,0,0
2020-06-26 14:14:00+05:30,-0.556427619,-1.066269299,,-36.38237792,-23.47364432,0,0
2020-06-26 14:15:00+05:30,-0.07932427,,-3.517433619,-85.74400917,0,-0.813097213,0
2020-06-26 14:16:00+05:30,0.364046667,-0.807488065,,-558.9347823,-24.26978197,0,0
2020-06-26 14:17:00+05:30,0.149553238,,,-58.91921258,0,0,0
2020-06-26 14:18:00+05:30,-0.176003225,-0.869670925,,-217.686001,7.700777692,0,0
2020-06-26 14:19:00+05:30,-0.011254347,,,-93.60560193,0,0,0
2020-06-26 14:20:00+05:30,0.449006779,-0.154566605,-2.722218864,-4089.629845,-82.22700097,-22.60781129,2.4
2020-06-26 14:21:00+05:30,1.107628828,,,146.6842108,0,0,0
2020-06-26 14:22:00+05:30,1.633358156,0.547913537,,47.46439547,-454.4837754,0,0
2020-06-26 14:23:00+05:30,1.66798633,,,2.120060042,0,0,0
2020-06-26 14:24:00+05:30,1.883771764,1.073580903,,12.93688269,95.93983907,0,0
2020-06-26 14:25:00+05:30,1.801828219,,-1.939068338,-4.349972043,0,-28.76883035,0
2020-06-26 14:26:00+05:30,1.539844569,1.316427885,,-14.53987941,22.62027765,0,0
2020-06-26 14:27:00+05:30,1.564527017,,,1.602918119,0,0,0
2020-06-26 14:28:00+05:30,1.540664629,1.658243494,,-1.525214152,25.96538812,0,0
2020-06-26 14:29:00+05:30,1.563886779,,,1.507281284,0,0,0
2020-06-26 14:30:00+05:30,1.749046823,2.223868495,-1.148421643,11.83973464,34.10988812,-40.77456574,0
2020-06-26 14:31:00+05:30,1.961386796,,,12.14032521,0,0,0
2020-06-26 14:32:00+05:30,1.546557022,2.001605949,,-21.14981983,-9.994410479,0,0
2020-06-26 14:33:00+05:30,0.900440292,,,-41.77775026,0,0,0
2020-06-26 14:34:00+05:30,0.33262859,1.319722565,,-63.05933962,-34.06681441,0,0
2020-06-26 14:35:00+05:30,-0.479374739,,-2.384931659,-244.1171183,0,107.6703859,0
2020-06-26 14:36:00+05:30,-2.026186607,-0.308330928,,322.6727948,-123.3633141,0,0
2020-06-26 14:37:00+05:30,-2.677886197,,,32.16384851,0,0,0
2020-06-26 14:38:00+05:30,-3.261157633,-1.859445887,,21.78103896,503.0682364,0,0
2020-06-26 14:39:00+05:30,-4.181536435,,,28.22245672,0,0,0
2020-06-26 14:40:00+05:30,-4.00779393,-2.389721675,-3.267808473,-4.154992011,28.51794675,37.01895655,0
2020-06-26 14:41:00+05:30,-3.330131025,,,-16.90862646,0,0,0
2020-06-26 14:42:00+05:30,-3.114412293,-2.768620056,,-6.477785136,15.85533519,0,0
2020-06-26 14:43:00+05:30,-2.688281631,,,-13.68253853,0,0,0
2020-06-26 14:44:00+05:30,-1.843346281,-2.460083522,,-31.43031372,-11.14405474,0,0
2020-06-26 14:45:00+05:30,-1.315263073,,-3.410074221,-28.64807406,0,4.353552204,0
2020-06-26 14:46:00+05:30,-0.863681267,-2.157225972,,-34.33395307,-12.31086452,0,0
2020-06-26 14:47:00+05:30,-0.459417035,,,-46.80710902,0,0,0
2020-06-26 14:48:00+05:30,0.249232398,-1.580112511,,-154.2497077,-26.75257339,0,0
2020-06-26 14:49:00+05:30,0.412144534,,,65.36555307,0,0,0
2020-06-26 14:50:00+05:30,0.711724748,-1.097068841,-3.185228334,72.68814455,-30.57020725,-6.593577509,0
2020-06-26 14:51:00+05:30,0.878613571,,,23.44850638,0,0,0
2020-06-26 14:52:00+05:30,0.964346407,-0.732502958,,9.757740962,-33.23090312,0,0
2020-06-26 14:53:00+05:30,0.995710929,,,3.252412371,0,0,0
2020-06-26 14:54:00+05:30,1.084811334,-0.367102666,,8.948420879,-49.8837975,0,0
2020-06-26 14:55:00+05:30,1.078511732,,-3.18472553,-0.580709442,0,-0.0157855,0
2020-06-26 14:56:00+05:30,0.627383361,-0.595451984,,-41.82878666,62.20312198,0,0
2020-06-26 14:57:00+05:30,0.19407985,,,-69.06519016,0,0,0
2020-06-26 14:58:00+05:30,-0.090907451,-0.448721318,,-146.8402314,-24.64189721,0,0
2020-06-26 14:59:00+05:30,0.415062681,,,-556.5771878,0,0,0
2020-06-26 15:00:00+05:30,1.402083339,0.899652451,-1.380100074,237.8003858,-300.4924692,-56.66502305,0
2020-06-26 15:01:00+05:30,2.380409606,,,69.77661311,0,0,0
2020-06-26 15:02:00+05:30,3.325293432,2.39079455,,39.69416957,165.746461,0,0
2020-06-26 15:03:00+05:30,3.783671746,,,13.78459749,0,0,0
2020-06-26 15:04:00+05:30,3.98423721,3.603815231,,5.30081564,50.73713592,0,0
2020-06-26 15:05:00+05:30,4.392903467,,-0.03840922,10.25707646,0,-97.21692502,0
2020-06-26 15:06:00+05:30,4.137946911,3.739487351,,-5.803827877,3.764680242,0,0
2020-06-26 15:07:00+05:30,2.848756236,,,-31.15532178,0,0,0
2020-06-26 15:08:00+05:30,1.69674675,3.270416906,,-40.43903342,-12.54370989,0,0
2020-06-26 15:09:00+05:30,1.315846775,,,-22.44884067,0,0,0
2020-06-26 15:10:00+05:30,0.379049293,2.549526514,0.372347171,-71.19350823,-22.04276742,-1069.421335,0
2020-06-26 15:11:00+05:30,-0.079353937,,,-120.9349914,0,0,0
2020-06-26 15:12:00+05:30,-0.223270449,2.254802428,,181.360267,-11.55995375,0,0
2020-06-26 15:13:00+05:30,-0.308800186,,,38.30768335,0,0,0
2020-06-26 15:14:00+05:30,-0.263202065,2.306105888,,-14.76622188,2.275297364,0,0
2020-06-26 15:15:00+05:30,0.181882337,,1.359772003,-169.1036892,0,265.1892932,0
2020-06-26 15:16:00+05:30,0.36859615,2.398825849,,102.6563742,4.020628948,0,0
2020-06-26 15:17:00+05:30,0.456130644,,,23.74807611,0,0,0
2020-06-26 15:18:00+05:30,0.53011816,2.59971254,,16.22068528,8.374375776,0,0
2020-06-26 15:19:00+05:30,0.877707386,,,65.56825475,0,0,0
2020-06-26 15:20:00+05:30,0.81815863,2.556783263,2.339796899,-6.784579575,-1.651308595,72.07273673,0
2020-06-26 15:21:00+05:30,0.673797379,,,-17.64465299,0,0,0
2020-06-26 15:22:00+05:30,0.810970202,2.761104583,,20.35817115,7.991342968,0,0
2020-06-26 15:23:00+05:30,0.987928611,,,21.82058083,0,0,0
2020-06-26 15:24:00+05:30,1.181486595,2.905559051,,19.59230476,5.231763735,0,0
2020-06-26 15:25:00+05:30,1.021612244,,3.105313871,-13.53162628,0,32.71724019,0
2020-06-26 15:26:00+05:30,0.690938135,2.68080236,,-32.36786868,-7.735402606,0,0
2020-06-26 15:27:00+05:30,0.549767461,,,-20.43173857,0,0,0
2020-06-26 15:28:00+05:30,0.533521239,2.627568252,,-2.955107971,-1.985752822,0,0
2020-06-26 15:29:00+05:30,0.502675282,,,-5.781580091,0,0,0
